plan_id,description,required_actions,timeline,monitoring,cfr_citation
CAP-001,Security Risk Assessment Remediation,Conduct comprehensive security risk assessment identifying all vulnerabilities, develop mitigation strategies for each identified risk,30 days for assessment; 90 days for initial mitigation,Quarterly risk assessments and documentation of remediation progress,45 CFR 164.308(a)(1)
CAP-002,Access Control Implementation,Establish unique user IDs for all workforce members, implement multi-factor authentication, establish role-based access control system,60 days for implementation; 30 days for testing,Monthly access control audits and quarterly access review,45 CFR 164.312(a)(2)(i)
CAP-003,Encryption Deployment,Encrypt all ePHI at rest using NIST-approved algorithms, implement encryption for ePHI in transit, manage cryptographic keys securely,90 days for encryption implementation; 30 days for key management setup,Quarterly encryption audits and key rotation verification,45 CFR 164.312(a)(2)(iv)
CAP-004,Workforce Training Program,Develop HIPAA training curriculum, conduct initial training for all workforce, establish annual refresher training schedule,60 days for curriculum development; 90 days for initial training,Annual training completion rates and competency assessments,45 CFR 164.308(a)(5)
CAP-005,Breach Response Procedures,Document breach discovery procedures, establish breach investigation protocols, create breach notification procedures,30 days to document procedures; 60 days for implementation,Test breach response quarterly; maintain breach log,45 CFR 164.400-404
CAP-006,Business Associate Management,Audit all business associates for HIPAA compliance, execute Business Associate Agreements where missing, terminate non-compliant associates,30 days for audit; 60 days for BAA execution or termination,Annual BA audits and quarterly compliance monitoring,45 CFR 164.504(e)
CAP-007,Physical Security Enhancement,Secure facility access controls, install surveillance systems where appropriate, restrict unauthorized access to PHI storage areas,45 days for access control improvements; 60 days for system installation,Quarterly physical security reviews and access log analysis,45 CFR 164.310(a)(b)
CAP-008,Audit and Accountability System,Implement audit logging for all ePHI access, establish system monitoring procedures, create audit trail retention procedures,60 days for system implementation; 30 days for configuration,Monthly audit log review and quarterly monitoring reports,45 CFR 164.312(b)
CAP-009,Sanction Policy Development,Establish written sanction policy for HIPAA violations, define penalties for violations, document enforcement procedures,30 days for policy development and approval,Quarterly policy enforcement review; track all sanctions,45 CFR 164.308(a)(1)(ii)
CAP-010,Documentation and Policies,Develop comprehensive HIPAA policies manual, document all procedures, ensure annual review and updates,45 days for policy development; 30 days for distribution,Annual policy review and updates; maintain documentation,45 CFR 164.316(a)(b)
CAP-011,Incident Response Plan,Develop formal incident response procedures, establish incident response team, create communication protocols,30 days to establish plan; 60 days for team training,Annual incident response drills and quarterly plan updates,45 CFR 164.308(a)(6)
CAP-012,Contingency Planning,Develop disaster recovery plan, establish backup procedures, test contingency procedures,60 days for plan development; 90 days for backup testing,Quarterly contingency plan testing and updates,45 CFR 164.308(a)(7)
CAP-013,Privacy Officer Assignment,Designate qualified privacy officer, define privacy officer responsibilities, allocate sufficient resources,15 days for designation; 30 days for role establishment,Quarterly privacy officer performance reviews,45 CFR 164.308(a)(2)
CAP-014,Security Officer Assignment,Designate qualified security officer, define security responsibilities and authority, allocate resources,15 days for designation; 30 days for role establishment,Quarterly security officer performance reviews,45 CFR 164.308(a)(2)
CAP-015,Compliance Program Enhancement,Establish compliance committee, develop compliance monitoring procedures, create corrective action procedures,45 days for committee establishment; 60 days for procedures,Quarterly compliance committee meetings and reviews,45 CFR 160.308
CAP-016,Third-Party Audit Implementation,Contract with independent auditor, conduct comprehensive security audit, address audit findings,30 days for auditor selection; 120 days for audit completion,Annual third-party audits and follow-up monitoring,45 CFR 164.308(a)(8)
CAP-017,Security Awareness Program,Develop security awareness training, conduct monthly awareness campaigns, distribute security reminders,45 days for program development; ongoing implementation,Monthly awareness activities and quarterly effectiveness surveys,45 CFR 164.308(a)(5)(ii)(i)
CAP-018,Malware Protection Implementation,Deploy antivirus and anti-malware software, establish update procedures, implement scanning protocols,30 days for software deployment and configuration,Monthly malware scanning; quarterly protection audits,45 CFR 164.308(a)(5)(ii)(B)
CAP-019,Password Management Policy,Establish password requirements and procedures, implement password management system, establish expiration policy,30 days for policy development; 60 days for system implementation,Quarterly password audit and policy compliance review,45 CFR 164.308(a)(5)(ii)(D)
CAP-020,Subcontractor Oversight,Audit all subcontractors for compliance, extend HIPAA obligations to subcontractors, establish monitoring procedures,30 days for subcontractor audit; 60 days for agreements,Annual subcontractor audits and compliance monitoring,45 CFR 164.504(e)(1)(ii)(A)