framework_name,framework_version,control_id
CIS,CSC v8.1,1
CIS,CSC v8.1,1.1
CIS,CSC v8.1,1.2
CIS,CSC v8.1,1.3
CIS,CSC v8.1,1.4
CIS,CSC v8.1,1.5
CIS,CSC v8.1,10
CIS,CSC v8.1,10.1
CIS,CSC v8.1,10.2
CIS,CSC v8.1,10.3
CIS,CSC v8.1,10.4
CIS,CSC v8.1,10.5
CIS,CSC v8.1,10.6
CIS,CSC v8.1,10.7
CIS,CSC v8.1,11
CIS,CSC v8.1,11.1
CIS,CSC v8.1,11.2
CIS,CSC v8.1,11.3
CIS,CSC v8.1,11.4
CIS,CSC v8.1,11.5
CIS,CSC v8.1,12
CIS,CSC v8.1,12.1
CIS,CSC v8.1,12.2
CIS,CSC v8.1,12.3
CIS,CSC v8.1,12.4
CIS,CSC v8.1,12.5
CIS,CSC v8.1,12.6
CIS,CSC v8.1,12.7
CIS,CSC v8.1,12.8
CIS,CSC v8.1,13
CIS,CSC v8.1,13.1
CIS,CSC v8.1,13.10
CIS,CSC v8.1,13.11
CIS,CSC v8.1,13.2
CIS,CSC v8.1,13.3
CIS,CSC v8.1,13.4
CIS,CSC v8.1,13.5
CIS,CSC v8.1,13.6
CIS,CSC v8.1,13.7
CIS,CSC v8.1,13.8
CIS,CSC v8.1,13.9
CIS,CSC v8.1,14
CIS,CSC v8.1,14.1
CIS,CSC v8.1,14.2
CIS,CSC v8.1,14.3
CIS,CSC v8.1,14.4
CIS,CSC v8.1,14.5
CIS,CSC v8.1,14.6
CIS,CSC v8.1,14.7
CIS,CSC v8.1,14.8
CIS,CSC v8.1,14.9
CIS,CSC v8.1,15
CIS,CSC v8.1,15.1
CIS,CSC v8.1,15.2
CIS,CSC v8.1,15.3
CIS,CSC v8.1,15.4
CIS,CSC v8.1,15.5
CIS,CSC v8.1,15.6
CIS,CSC v8.1,15.7
CIS,CSC v8.1,16
CIS,CSC v8.1,16.1
CIS,CSC v8.1,16.10
CIS,CSC v8.1,16.11
CIS,CSC v8.1,16.12
CIS,CSC v8.1,16.13
CIS,CSC v8.1,16.14
CIS,CSC v8.1,16.2
CIS,CSC v8.1,16.3
CIS,CSC v8.1,16.4
CIS,CSC v8.1,16.5
CIS,CSC v8.1,16.6
CIS,CSC v8.1,16.7
CIS,CSC v8.1,16.8
CIS,CSC v8.1,16.9
CIS,CSC v8.1,17
CIS,CSC v8.1,17.1
CIS,CSC v8.1,17.2
CIS,CSC v8.1,17.3
CIS,CSC v8.1,17.4
CIS,CSC v8.1,17.5
CIS,CSC v8.1,17.6
CIS,CSC v8.1,17.7
CIS,CSC v8.1,17.8
CIS,CSC v8.1,17.9
CIS,CSC v8.1,18
CIS,CSC v8.1,18.1
CIS,CSC v8.1,18.2
CIS,CSC v8.1,18.3
CIS,CSC v8.1,18.4
CIS,CSC v8.1,18.5
CIS,CSC v8.1,2
CIS,CSC v8.1,2.1
CIS,CSC v8.1,2.2
CIS,CSC v8.1,2.3
CIS,CSC v8.1,2.4
CIS,CSC v8.1,2.5
CIS,CSC v8.1,2.6
CIS,CSC v8.1,2.7
CIS,CSC v8.1,3
CIS,CSC v8.1,3.1
CIS,CSC v8.1,3.10
CIS,CSC v8.1,3.11
CIS,CSC v8.1,3.12
CIS,CSC v8.1,3.13
CIS,CSC v8.1,3.14
CIS,CSC v8.1,3.2
CIS,CSC v8.1,3.3
CIS,CSC v8.1,3.4
CIS,CSC v8.1,3.5
CIS,CSC v8.1,3.6
CIS,CSC v8.1,3.7
CIS,CSC v8.1,3.8
CIS,CSC v8.1,3.9
CIS,CSC v8.1,4
CIS,CSC v8.1,4.1
CIS,CSC v8.1,4.10
CIS,CSC v8.1,4.11
CIS,CSC v8.1,4.12
CIS,CSC v8.1,4.2
CIS,CSC v8.1,4.3
CIS,CSC v8.1,4.4
CIS,CSC v8.1,4.5
CIS,CSC v8.1,4.6
CIS,CSC v8.1,4.7
CIS,CSC v8.1,4.8
CIS,CSC v8.1,4.9
CIS,CSC v8.1,5
CIS,CSC v8.1,5.1
CIS,CSC v8.1,5.2
CIS,CSC v8.1,5.3
CIS,CSC v8.1,5.4
CIS,CSC v8.1,5.5
CIS,CSC v8.1,5.6
CIS,CSC v8.1,6
CIS,CSC v8.1,6.1
CIS,CSC v8.1,6.2
CIS,CSC v8.1,6.3
CIS,CSC v8.1,6.4
CIS,CSC v8.1,6.5
CIS,CSC v8.1,6.6
CIS,CSC v8.1,6.7
CIS,CSC v8.1,6.8
CIS,CSC v8.1,7
CIS,CSC v8.1,7.1
CIS,CSC v8.1,7.2
CIS,CSC v8.1,7.3
CIS,CSC v8.1,7.4
CIS,CSC v8.1,7.5
CIS,CSC v8.1,7.6
CIS,CSC v8.1,7.7
CIS,CSC v8.1,8
CIS,CSC v8.1,8.1
CIS,CSC v8.1,8.10
CIS,CSC v8.1,8.11
CIS,CSC v8.1,8.12
CIS,CSC v8.1,8.2
CIS,CSC v8.1,8.3
CIS,CSC v8.1,8.4
CIS,CSC v8.1,8.5
CIS,CSC v8.1,8.6
CIS,CSC v8.1,8.7
CIS,CSC v8.1,8.8
CIS,CSC v8.1,8.9
CIS,CSC v8.1,9
CIS,CSC v8.1,9.1
CIS,CSC v8.1,9.2
CIS,CSC v8.1,9.3
CIS,CSC v8.1,9.4
CIS,CSC v8.1,9.5
CIS,CSC v8.1,9.6
CIS,CSC v8.1,9.7
CIS,CSC v8.1 IG1,1.1
CIS,CSC v8.1 IG1,1.2
CIS,CSC v8.1 IG1,10.1
CIS,CSC v8.1 IG1,10.2
CIS,CSC v8.1 IG1,10.3
CIS,CSC v8.1 IG1,11.1
CIS,CSC v8.1 IG1,11.2
CIS,CSC v8.1 IG1,11.3
CIS,CSC v8.1 IG1,11.4
CIS,CSC v8.1 IG1,12.1
CIS,CSC v8.1 IG1,14.1
CIS,CSC v8.1 IG1,14.2
CIS,CSC v8.1 IG1,14.3
CIS,CSC v8.1 IG1,14.4
CIS,CSC v8.1 IG1,14.5
CIS,CSC v8.1 IG1,14.6
CIS,CSC v8.1 IG1,14.7
CIS,CSC v8.1 IG1,14.8
CIS,CSC v8.1 IG1,15.1
CIS,CSC v8.1 IG1,17.1
CIS,CSC v8.1 IG1,17.2
CIS,CSC v8.1 IG1,17.3
CIS,CSC v8.1 IG1,2.1
CIS,CSC v8.1 IG1,2.2
CIS,CSC v8.1 IG1,2.3
CIS,CSC v8.1 IG1,3.1
CIS,CSC v8.1 IG1,3.2
CIS,CSC v8.1 IG1,3.3
CIS,CSC v8.1 IG1,3.4
CIS,CSC v8.1 IG1,3.5
CIS,CSC v8.1 IG1,3.6
CIS,CSC v8.1 IG1,4.1
CIS,CSC v8.1 IG1,4.2
CIS,CSC v8.1 IG1,4.3
CIS,CSC v8.1 IG1,4.4
CIS,CSC v8.1 IG1,4.5
CIS,CSC v8.1 IG1,4.6
CIS,CSC v8.1 IG1,4.7
CIS,CSC v8.1 IG1,5.1
CIS,CSC v8.1 IG1,5.2
CIS,CSC v8.1 IG1,5.3
CIS,CSC v8.1 IG1,5.4
CIS,CSC v8.1 IG1,6.1
CIS,CSC v8.1 IG1,6.2
CIS,CSC v8.1 IG1,6.3
CIS,CSC v8.1 IG1,6.4
CIS,CSC v8.1 IG1,6.5
CIS,CSC v8.1 IG1,7.1
CIS,CSC v8.1 IG1,7.2
CIS,CSC v8.1 IG1,7.3
CIS,CSC v8.1 IG1,7.4
CIS,CSC v8.1 IG1,8.1
CIS,CSC v8.1 IG1,8.2
CIS,CSC v8.1 IG1,8.3
CIS,CSC v8.1 IG1,9.1
CIS,CSC v8.1 IG1,9.2
CIS,CSC v8.1 IG2,1.1
CIS,CSC v8.1 IG2,1.2
CIS,CSC v8.1 IG2,1.3
CIS,CSC v8.1 IG2,1.4
CIS,CSC v8.1 IG2,10.1
CIS,CSC v8.1 IG2,10.2
CIS,CSC v8.1 IG2,10.3
CIS,CSC v8.1 IG2,10.4
CIS,CSC v8.1 IG2,10.5
CIS,CSC v8.1 IG2,10.6
CIS,CSC v8.1 IG2,10.7
CIS,CSC v8.1 IG2,11.1
CIS,CSC v8.1 IG2,11.2
CIS,CSC v8.1 IG2,11.3
CIS,CSC v8.1 IG2,11.4
CIS,CSC v8.1 IG2,11.5
CIS,CSC v8.1 IG2,12.1
CIS,CSC v8.1 IG2,12.2
CIS,CSC v8.1 IG2,12.3
CIS,CSC v8.1 IG2,12.4
CIS,CSC v8.1 IG2,12.5
CIS,CSC v8.1 IG2,12.6
CIS,CSC v8.1 IG2,12.7
CIS,CSC v8.1 IG2,13.1
CIS,CSC v8.1 IG2,13.2
CIS,CSC v8.1 IG2,13.3
CIS,CSC v8.1 IG2,13.4
CIS,CSC v8.1 IG2,13.5
CIS,CSC v8.1 IG2,13.6
CIS,CSC v8.1 IG2,14.1
CIS,CSC v8.1 IG2,14.2
CIS,CSC v8.1 IG2,14.3
CIS,CSC v8.1 IG2,14.4
CIS,CSC v8.1 IG2,14.5
CIS,CSC v8.1 IG2,14.6
CIS,CSC v8.1 IG2,14.7
CIS,CSC v8.1 IG2,14.8
CIS,CSC v8.1 IG2,14.9
CIS,CSC v8.1 IG2,15.1
CIS,CSC v8.1 IG2,15.2
CIS,CSC v8.1 IG2,15.3
CIS,CSC v8.1 IG2,15.4
CIS,CSC v8.1 IG2,16.1
CIS,CSC v8.1 IG2,16.10
CIS,CSC v8.1 IG2,16.11
CIS,CSC v8.1 IG2,16.2
CIS,CSC v8.1 IG2,16.3
CIS,CSC v8.1 IG2,16.4
CIS,CSC v8.1 IG2,16.5
CIS,CSC v8.1 IG2,16.6
CIS,CSC v8.1 IG2,16.7
CIS,CSC v8.1 IG2,16.8
CIS,CSC v8.1 IG2,16.9
CIS,CSC v8.1 IG2,17.1
CIS,CSC v8.1 IG2,17.2
CIS,CSC v8.1 IG2,17.3
CIS,CSC v8.1 IG2,17.4
CIS,CSC v8.1 IG2,17.5
CIS,CSC v8.1 IG2,17.6
CIS,CSC v8.1 IG2,17.7
CIS,CSC v8.1 IG2,17.8
CIS,CSC v8.1 IG2,18.1
CIS,CSC v8.1 IG2,18.2
CIS,CSC v8.1 IG2,18.3
CIS,CSC v8.1 IG2,2.1
CIS,CSC v8.1 IG2,2.2
CIS,CSC v8.1 IG2,2.3
CIS,CSC v8.1 IG2,2.4
CIS,CSC v8.1 IG2,2.5
CIS,CSC v8.1 IG2,2.6
CIS,CSC v8.1 IG2,3.1
CIS,CSC v8.1 IG2,3.10
CIS,CSC v8.1 IG2,3.11
CIS,CSC v8.1 IG2,3.12
CIS,CSC v8.1 IG2,3.2
CIS,CSC v8.1 IG2,3.3
CIS,CSC v8.1 IG2,3.4
CIS,CSC v8.1 IG2,3.5
CIS,CSC v8.1 IG2,3.6
CIS,CSC v8.1 IG2,3.7
CIS,CSC v8.1 IG2,3.8
CIS,CSC v8.1 IG2,3.9
CIS,CSC v8.1 IG2,4.1
CIS,CSC v8.1 IG2,4.10
CIS,CSC v8.1 IG2,4.11
CIS,CSC v8.1 IG2,4.2
CIS,CSC v8.1 IG2,4.3
CIS,CSC v8.1 IG2,4.4
CIS,CSC v8.1 IG2,4.5
CIS,CSC v8.1 IG2,4.6
CIS,CSC v8.1 IG2,4.7
CIS,CSC v8.1 IG2,4.8
CIS,CSC v8.1 IG2,4.9
CIS,CSC v8.1 IG2,5.1
CIS,CSC v8.1 IG2,5.2
CIS,CSC v8.1 IG2,5.3
CIS,CSC v8.1 IG2,5.4
CIS,CSC v8.1 IG2,5.5
CIS,CSC v8.1 IG2,5.6
CIS,CSC v8.1 IG2,6.1
CIS,CSC v8.1 IG2,6.2
CIS,CSC v8.1 IG2,6.3
CIS,CSC v8.1 IG2,6.4
CIS,CSC v8.1 IG2,6.5
CIS,CSC v8.1 IG2,6.6
CIS,CSC v8.1 IG2,6.7
CIS,CSC v8.1 IG2,7.1
CIS,CSC v8.1 IG2,7.2
CIS,CSC v8.1 IG2,7.3
CIS,CSC v8.1 IG2,7.4
CIS,CSC v8.1 IG2,7.5
CIS,CSC v8.1 IG2,7.6
CIS,CSC v8.1 IG2,7.7
CIS,CSC v8.1 IG2,8.1
CIS,CSC v8.1 IG2,8.10
CIS,CSC v8.1 IG2,8.11
CIS,CSC v8.1 IG2,8.2
CIS,CSC v8.1 IG2,8.3
CIS,CSC v8.1 IG2,8.4
CIS,CSC v8.1 IG2,8.5
CIS,CSC v8.1 IG2,8.6
CIS,CSC v8.1 IG2,8.7
CIS,CSC v8.1 IG2,8.8
CIS,CSC v8.1 IG2,8.9
CIS,CSC v8.1 IG2,9.1
CIS,CSC v8.1 IG2,9.2
CIS,CSC v8.1 IG2,9.3
CIS,CSC v8.1 IG2,9.4
CIS,CSC v8.1 IG2,9.5
CIS,CSC v8.1 IG2,9.6
CIS,CSC v8.1 IG3,1.1
CIS,CSC v8.1 IG3,1.2
CIS,CSC v8.1 IG3,1.3
CIS,CSC v8.1 IG3,1.4
CIS,CSC v8.1 IG3,1.5
CIS,CSC v8.1 IG3,10.1
CIS,CSC v8.1 IG3,10.2
CIS,CSC v8.1 IG3,10.3
CIS,CSC v8.1 IG3,10.4
CIS,CSC v8.1 IG3,10.5
CIS,CSC v8.1 IG3,10.6
CIS,CSC v8.1 IG3,10.7
CIS,CSC v8.1 IG3,11.1
CIS,CSC v8.1 IG3,11.2
CIS,CSC v8.1 IG3,11.3
CIS,CSC v8.1 IG3,11.4
CIS,CSC v8.1 IG3,11.5
CIS,CSC v8.1 IG3,12.1
CIS,CSC v8.1 IG3,12.2
CIS,CSC v8.1 IG3,12.3
CIS,CSC v8.1 IG3,12.4
CIS,CSC v8.1 IG3,12.5
CIS,CSC v8.1 IG3,12.6
CIS,CSC v8.1 IG3,12.7
CIS,CSC v8.1 IG3,12.8
CIS,CSC v8.1 IG3,13.1
CIS,CSC v8.1 IG3,13.10
CIS,CSC v8.1 IG3,13.11
CIS,CSC v8.1 IG3,13.2
CIS,CSC v8.1 IG3,13.3
CIS,CSC v8.1 IG3,13.4
CIS,CSC v8.1 IG3,13.5
CIS,CSC v8.1 IG3,13.6
CIS,CSC v8.1 IG3,13.7
CIS,CSC v8.1 IG3,13.8
CIS,CSC v8.1 IG3,13.9
CIS,CSC v8.1 IG3,14.1
CIS,CSC v8.1 IG3,14.2
CIS,CSC v8.1 IG3,14.3
CIS,CSC v8.1 IG3,14.4
CIS,CSC v8.1 IG3,14.5
CIS,CSC v8.1 IG3,14.6
CIS,CSC v8.1 IG3,14.7
CIS,CSC v8.1 IG3,14.8
CIS,CSC v8.1 IG3,14.9
CIS,CSC v8.1 IG3,15.1
CIS,CSC v8.1 IG3,15.2
CIS,CSC v8.1 IG3,15.3
CIS,CSC v8.1 IG3,15.4
CIS,CSC v8.1 IG3,15.5
CIS,CSC v8.1 IG3,15.6
CIS,CSC v8.1 IG3,15.7
CIS,CSC v8.1 IG3,16.1
CIS,CSC v8.1 IG3,16.10
CIS,CSC v8.1 IG3,16.11
CIS,CSC v8.1 IG3,16.12
CIS,CSC v8.1 IG3,16.13
CIS,CSC v8.1 IG3,16.14
CIS,CSC v8.1 IG3,16.2
CIS,CSC v8.1 IG3,16.3
CIS,CSC v8.1 IG3,16.4
CIS,CSC v8.1 IG3,16.5
CIS,CSC v8.1 IG3,16.6
CIS,CSC v8.1 IG3,16.7
CIS,CSC v8.1 IG3,16.8
CIS,CSC v8.1 IG3,16.9
CIS,CSC v8.1 IG3,17.1
CIS,CSC v8.1 IG3,17.2
CIS,CSC v8.1 IG3,17.3
CIS,CSC v8.1 IG3,17.4
CIS,CSC v8.1 IG3,17.5
CIS,CSC v8.1 IG3,17.6
CIS,CSC v8.1 IG3,17.7
CIS,CSC v8.1 IG3,17.8
CIS,CSC v8.1 IG3,17.9
CIS,CSC v8.1 IG3,18.1
CIS,CSC v8.1 IG3,18.2
CIS,CSC v8.1 IG3,18.3
CIS,CSC v8.1 IG3,18.4
CIS,CSC v8.1 IG3,18.5
CIS,CSC v8.1 IG3,2.1
CIS,CSC v8.1 IG3,2.2
CIS,CSC v8.1 IG3,2.3
CIS,CSC v8.1 IG3,2.4
CIS,CSC v8.1 IG3,2.5
CIS,CSC v8.1 IG3,2.6
CIS,CSC v8.1 IG3,2.7
CIS,CSC v8.1 IG3,3.1
CIS,CSC v8.1 IG3,3.10
CIS,CSC v8.1 IG3,3.11
CIS,CSC v8.1 IG3,3.12
CIS,CSC v8.1 IG3,3.13
CIS,CSC v8.1 IG3,3.14
CIS,CSC v8.1 IG3,3.2
CIS,CSC v8.1 IG3,3.3
CIS,CSC v8.1 IG3,3.4
CIS,CSC v8.1 IG3,3.5
CIS,CSC v8.1 IG3,3.6
CIS,CSC v8.1 IG3,3.7
CIS,CSC v8.1 IG3,3.8
CIS,CSC v8.1 IG3,3.9
CIS,CSC v8.1 IG3,4.1
CIS,CSC v8.1 IG3,4.10
CIS,CSC v8.1 IG3,4.11
CIS,CSC v8.1 IG3,4.12
CIS,CSC v8.1 IG3,4.2
CIS,CSC v8.1 IG3,4.3
CIS,CSC v8.1 IG3,4.4
CIS,CSC v8.1 IG3,4.5
CIS,CSC v8.1 IG3,4.6
CIS,CSC v8.1 IG3,4.7
CIS,CSC v8.1 IG3,4.8
CIS,CSC v8.1 IG3,4.9
CIS,CSC v8.1 IG3,5.1
CIS,CSC v8.1 IG3,5.2
CIS,CSC v8.1 IG3,5.3
CIS,CSC v8.1 IG3,5.4
CIS,CSC v8.1 IG3,5.5
CIS,CSC v8.1 IG3,5.6
CIS,CSC v8.1 IG3,6.1
CIS,CSC v8.1 IG3,6.2
CIS,CSC v8.1 IG3,6.3
CIS,CSC v8.1 IG3,6.4
CIS,CSC v8.1 IG3,6.5
CIS,CSC v8.1 IG3,6.6
CIS,CSC v8.1 IG3,6.7
CIS,CSC v8.1 IG3,6.8
CIS,CSC v8.1 IG3,7.1
CIS,CSC v8.1 IG3,7.2
CIS,CSC v8.1 IG3,7.3
CIS,CSC v8.1 IG3,7.4
CIS,CSC v8.1 IG3,7.5
CIS,CSC v8.1 IG3,7.6
CIS,CSC v8.1 IG3,7.7
CIS,CSC v8.1 IG3,8.1
CIS,CSC v8.1 IG3,8.10
CIS,CSC v8.1 IG3,8.11
CIS,CSC v8.1 IG3,8.12
CIS,CSC v8.1 IG3,8.2
CIS,CSC v8.1 IG3,8.3
CIS,CSC v8.1 IG3,8.4
CIS,CSC v8.1 IG3,8.5
CIS,CSC v8.1 IG3,8.6
CIS,CSC v8.1 IG3,8.7
CIS,CSC v8.1 IG3,8.8
CIS,CSC v8.1 IG3,8.9
CIS,CSC v8.1 IG3,9.1
CIS,CSC v8.1 IG3,9.2
CIS,CSC v8.1 IG3,9.3
CIS,CSC v8.1 IG3,9.4
CIS,CSC v8.1 IG3,9.5
CIS,CSC v8.1 IG3,9.6
CIS,CSC v8.1 IG3,9.7
GDPR,EU Regulation 2016/679,10
GDPR,EU Regulation 2016/679,12.1
GDPR,EU Regulation 2016/679,12.2
GDPR,EU Regulation 2016/679,12.3
GDPR,EU Regulation 2016/679,12.4
GDPR,EU Regulation 2016/679,12.5(b)
GDPR,EU Regulation 2016/679,12.6
GDPR,EU Regulation 2016/679,12.7
GDPR,EU Regulation 2016/679,13.1(a)
GDPR,EU Regulation 2016/679,13.1(b)
GDPR,EU Regulation 2016/679,13.1(c)
GDPR,EU Regulation 2016/679,13.1(d)
GDPR,EU Regulation 2016/679,13.1(e)
GDPR,EU Regulation 2016/679,13.2
GDPR,EU Regulation 2016/679,13.2(a)
GDPR,EU Regulation 2016/679,13.2(b)
GDPR,EU Regulation 2016/679,13.2(c)
GDPR,EU Regulation 2016/679,13.2(d)
GDPR,EU Regulation 2016/679,13.2(e)
GDPR,EU Regulation 2016/679,13.2(f)
GDPR,EU Regulation 2016/679,13.3
GDPR,EU Regulation 2016/679,14.1(a)
GDPR,EU Regulation 2016/679,14.1(b)
GDPR,EU Regulation 2016/679,14.1(c)
GDPR,EU Regulation 2016/679,14.1(d)
GDPR,EU Regulation 2016/679,14.1(e)
GDPR,EU Regulation 2016/679,14.1(f)
GDPR,EU Regulation 2016/679,14.2
GDPR,EU Regulation 2016/679,14.2(a)
GDPR,EU Regulation 2016/679,14.2(b)
GDPR,EU Regulation 2016/679,14.2(c)
GDPR,EU Regulation 2016/679,14.2(d)
GDPR,EU Regulation 2016/679,14.2(e)
GDPR,EU Regulation 2016/679,14.2(f)
GDPR,EU Regulation 2016/679,14.2(g)
GDPR,EU Regulation 2016/679,14.3(a)
GDPR,EU Regulation 2016/679,14.3(b)
GDPR,EU Regulation 2016/679,14.3(c)
GDPR,EU Regulation 2016/679,14.4
GDPR,EU Regulation 2016/679,14.5(a)
GDPR,EU Regulation 2016/679,15.1
GDPR,EU Regulation 2016/679,15.1(a)
GDPR,EU Regulation 2016/679,15.1(b)
GDPR,EU Regulation 2016/679,15.1(c)
GDPR,EU Regulation 2016/679,15.1(d)
GDPR,EU Regulation 2016/679,15.1(e)
GDPR,EU Regulation 2016/679,15.1(g)
GDPR,EU Regulation 2016/679,15.1(h)
GDPR,EU Regulation 2016/679,15.2
GDPR,EU Regulation 2016/679,15.3
GDPR,EU Regulation 2016/679,15.4
GDPR,EU Regulation 2016/679,16
GDPR,EU Regulation 2016/679,17.1
GDPR,EU Regulation 2016/679,17.1(a)
GDPR,EU Regulation 2016/679,17.1(b)
GDPR,EU Regulation 2016/679,17.1(c)
GDPR,EU Regulation 2016/679,17.1(d)
GDPR,EU Regulation 2016/679,17.1(e)
GDPR,EU Regulation 2016/679,17.1(f)
GDPR,EU Regulation 2016/679,17.2
GDPR,EU Regulation 2016/679,17.3
GDPR,EU Regulation 2016/679,17.3(a)
GDPR,EU Regulation 2016/679,17.3(b)
GDPR,EU Regulation 2016/679,17.3(c)
GDPR,EU Regulation 2016/679,17.3(d)
GDPR,EU Regulation 2016/679,17.3(e)
GDPR,EU Regulation 2016/679,18.1
GDPR,EU Regulation 2016/679,18.1(a)
GDPR,EU Regulation 2016/679,18.1(b)
GDPR,EU Regulation 2016/679,18.1(c)
GDPR,EU Regulation 2016/679,18.1(d)
GDPR,EU Regulation 2016/679,18.2
GDPR,EU Regulation 2016/679,18.3
GDPR,EU Regulation 2016/679,19
GDPR,EU Regulation 2016/679,20.1
GDPR,EU Regulation 2016/679,20.1(b)
GDPR,EU Regulation 2016/679,21.1
GDPR,EU Regulation 2016/679,21.2
GDPR,EU Regulation 2016/679,21.3
GDPR,EU Regulation 2016/679,21.4
GDPR,EU Regulation 2016/679,21.5
GDPR,EU Regulation 2016/679,21.6
GDPR,EU Regulation 2016/679,24.1
GDPR,EU Regulation 2016/679,24.2
GDPR,EU Regulation 2016/679,25.1
GDPR,EU Regulation 2016/679,25.2
GDPR,EU Regulation 2016/679,27.1
GDPR,EU Regulation 2016/679,27.3
GDPR,EU Regulation 2016/679,27.4
GDPR,EU Regulation 2016/679,27.5
GDPR,EU Regulation 2016/679,28.1
GDPR,EU Regulation 2016/679,28.10
GDPR,EU Regulation 2016/679,28.2
GDPR,EU Regulation 2016/679,28.3
GDPR,EU Regulation 2016/679,28.3(a)
GDPR,EU Regulation 2016/679,28.3(b)
GDPR,EU Regulation 2016/679,28.3(c)
GDPR,EU Regulation 2016/679,28.3(d)
GDPR,EU Regulation 2016/679,28.3(e)
GDPR,EU Regulation 2016/679,28.3(f)
GDPR,EU Regulation 2016/679,28.3(g)
GDPR,EU Regulation 2016/679,28.3(h)
GDPR,EU Regulation 2016/679,28.4
GDPR,EU Regulation 2016/679,28.5
GDPR,EU Regulation 2016/679,28.6
GDPR,EU Regulation 2016/679,28.7
GDPR,EU Regulation 2016/679,28.8
GDPR,EU Regulation 2016/679,28.9
GDPR,EU Regulation 2016/679,29
GDPR,EU Regulation 2016/679,3.1
GDPR,EU Regulation 2016/679,3.2
GDPR,EU Regulation 2016/679,3.2(a)
GDPR,EU Regulation 2016/679,3.2(b)
GDPR,EU Regulation 2016/679,3.3
GDPR,EU Regulation 2016/679,30.1
GDPR,EU Regulation 2016/679,30.1(a)
GDPR,EU Regulation 2016/679,30.1(b)
GDPR,EU Regulation 2016/679,30.1(c)
GDPR,EU Regulation 2016/679,30.1(d)
GDPR,EU Regulation 2016/679,30.1(e)
GDPR,EU Regulation 2016/679,30.1(f)
GDPR,EU Regulation 2016/679,30.1(g)
GDPR,EU Regulation 2016/679,30.2
GDPR,EU Regulation 2016/679,30.2(a)
GDPR,EU Regulation 2016/679,30.2(b)
GDPR,EU Regulation 2016/679,30.2(c)
GDPR,EU Regulation 2016/679,30.2(d)
GDPR,EU Regulation 2016/679,30.3
GDPR,EU Regulation 2016/679,30.4
GDPR,EU Regulation 2016/679,31
GDPR,EU Regulation 2016/679,32.1
GDPR,EU Regulation 2016/679,32.1(a)
GDPR,EU Regulation 2016/679,32.1(b)
GDPR,EU Regulation 2016/679,32.1(c)
GDPR,EU Regulation 2016/679,32.1(d)
GDPR,EU Regulation 2016/679,32.2
GDPR,EU Regulation 2016/679,32.4
GDPR,EU Regulation 2016/679,33.1
GDPR,EU Regulation 2016/679,33.2
GDPR,EU Regulation 2016/679,33.3(a)
GDPR,EU Regulation 2016/679,33.3(b)
GDPR,EU Regulation 2016/679,33.3(c)
GDPR,EU Regulation 2016/679,33.3(d)
GDPR,EU Regulation 2016/679,33.4
GDPR,EU Regulation 2016/679,33.5
GDPR,EU Regulation 2016/679,34.1
GDPR,EU Regulation 2016/679,34.2
GDPR,EU Regulation 2016/679,35.1
GDPR,EU Regulation 2016/679,35.11
GDPR,EU Regulation 2016/679,35.2
GDPR,EU Regulation 2016/679,35.3(a)
GDPR,EU Regulation 2016/679,35.3(b)
GDPR,EU Regulation 2016/679,35.3(c)
GDPR,EU Regulation 2016/679,35.7(a)
GDPR,EU Regulation 2016/679,35.7(b)
GDPR,EU Regulation 2016/679,35.7(c)
GDPR,EU Regulation 2016/679,35.7(d)
GDPR,EU Regulation 2016/679,35.8
GDPR,EU Regulation 2016/679,35.9
GDPR,EU Regulation 2016/679,36.1
GDPR,EU Regulation 2016/679,37.1
GDPR,EU Regulation 2016/679,37.1(a)
GDPR,EU Regulation 2016/679,37.1(b)
GDPR,EU Regulation 2016/679,37.1(c)
GDPR,EU Regulation 2016/679,37.2
GDPR,EU Regulation 2016/679,37.3
GDPR,EU Regulation 2016/679,37.4
GDPR,EU Regulation 2016/679,37.5
GDPR,EU Regulation 2016/679,37.6
GDPR,EU Regulation 2016/679,37.7
GDPR,EU Regulation 2016/679,38.1
GDPR,EU Regulation 2016/679,38.2
GDPR,EU Regulation 2016/679,38.3
GDPR,EU Regulation 2016/679,38.4
GDPR,EU Regulation 2016/679,38.5
GDPR,EU Regulation 2016/679,38.6
GDPR,EU Regulation 2016/679,39.1
GDPR,EU Regulation 2016/679,39.1(a)
GDPR,EU Regulation 2016/679,39.1(b)
GDPR,EU Regulation 2016/679,39.1(c)
GDPR,EU Regulation 2016/679,39.1(d)
GDPR,EU Regulation 2016/679,39.1(e)
GDPR,EU Regulation 2016/679,39.2
GDPR,EU Regulation 2016/679,4
GDPR,EU Regulation 2016/679,44
GDPR,EU Regulation 2016/679,45.1
GDPR,EU Regulation 2016/679,46.1
GDPR,EU Regulation 2016/679,46.2
GDPR,EU Regulation 2016/679,46.2(a)
GDPR,EU Regulation 2016/679,46.2(b)
GDPR,EU Regulation 2016/679,46.3(a)
GDPR,EU Regulation 2016/679,49.1
GDPR,EU Regulation 2016/679,49.1(a)
GDPR,EU Regulation 2016/679,49.1(b)
GDPR,EU Regulation 2016/679,49.1(c)
GDPR,EU Regulation 2016/679,49.1(d)
GDPR,EU Regulation 2016/679,49.1(e)
GDPR,EU Regulation 2016/679,49.1(f)
GDPR,EU Regulation 2016/679,49.1(g)
GDPR,EU Regulation 2016/679,49.2
GDPR,EU Regulation 2016/679,49.3
GDPR,EU Regulation 2016/679,49.4
GDPR,EU Regulation 2016/679,49.6
GDPR,EU Regulation 2016/679,5.1(a)
GDPR,EU Regulation 2016/679,5.1(b)
GDPR,EU Regulation 2016/679,5.1(c)
GDPR,EU Regulation 2016/679,5.1(d)
GDPR,EU Regulation 2016/679,5.1(e)
GDPR,EU Regulation 2016/679,5.1(f)
GDPR,EU Regulation 2016/679,5.2
GDPR,EU Regulation 2016/679,7.1
GDPR,EU Regulation 2016/679,7.2
GDPR,EU Regulation 2016/679,7.3
GDPR,EU Regulation 2016/679,8.1
GDPR,EU Regulation 2016/679,8.2
GDPR,EU Regulation 2016/679,9.1
GDPR,EU Regulation 2016/679,9.2(a)
GDPR,EU Regulation 2016/679,9.2(b)
GDPR,EU Regulation 2016/679,9.2(c)
GDPR,EU Regulation 2016/679,9.2(d)
GDPR,EU Regulation 2016/679,9.2(e)
GDPR,EU Regulation 2016/679,9.2(f)
GDPR,EU Regulation 2016/679,9.2(g)
GDPR,EU Regulation 2016/679,9.2(h)
GDPR,EU Regulation 2016/679,9.2(i)
GDPR,EU Regulation 2016/679,9.2(j)
GDPR,EU Regulation 2016/679,9.3
HIPAA,Administrative Simplification 2013,164.103
HIPAA,Administrative Simplification 2013,164.304
HIPAA,Administrative Simplification 2013,164.306(a)(1)
HIPAA,Administrative Simplification 2013,164.306(a)(2)
HIPAA,Administrative Simplification 2013,164.306(a)(3)
HIPAA,Administrative Simplification 2013,164.306(b)(1)
HIPAA,Administrative Simplification 2013,164.306(b)(2)(i)
HIPAA,Administrative Simplification 2013,164.306(b)(2)(ii)
HIPAA,Administrative Simplification 2013,164.306(b)(2)(iii)
HIPAA,Administrative Simplification 2013,164.306(b)(2)(iv)
HIPAA,Administrative Simplification 2013,164.306(c)
HIPAA,Administrative Simplification 2013,164.306(d)(1)
HIPAA,Administrative Simplification 2013,164.306(d)(2)
HIPAA,Administrative Simplification 2013,164.306(d)(3)(i)
HIPAA,Administrative Simplification 2013,164.306(d)(3)(ii)(A)
HIPAA,Administrative Simplification 2013,164.306(d)(3)(ii)(B)(1)
HIPAA,Administrative Simplification 2013,164.306(d)(3)(ii)(B)(2)
HIPAA,Administrative Simplification 2013,164.306(e)
HIPAA,Administrative Simplification 2013,164.308(a)(1)(i)
HIPAA,Administrative Simplification 2013,164.308(a)(1)(ii)(A)
HIPAA,Administrative Simplification 2013,164.308(a)(1)(ii)(B)
HIPAA,Administrative Simplification 2013,164.308(a)(1)(ii)(C)
HIPAA,Administrative Simplification 2013,164.308(a)(1)(ii)(D)
HIPAA,Administrative Simplification 2013,164.308(a)(2)
HIPAA,Administrative Simplification 2013,164.308(a)(3)(i)
HIPAA,Administrative Simplification 2013,164.308(a)(3)(ii)(A)
HIPAA,Administrative Simplification 2013,164.308(a)(3)(ii)(B)
HIPAA,Administrative Simplification 2013,164.308(a)(3)(ii)(C)
HIPAA,Administrative Simplification 2013,164.308(a)(4)(i)
HIPAA,Administrative Simplification 2013,164.308(a)(4)(ii)(A)
HIPAA,Administrative Simplification 2013,164.308(a)(4)(ii)(B)
HIPAA,Administrative Simplification 2013,164.308(a)(4)(ii)(C)
HIPAA,Administrative Simplification 2013,164.308(a)(5)(i)
HIPAA,Administrative Simplification 2013,164.308(a)(5)(ii)(A)
HIPAA,Administrative Simplification 2013,164.308(a)(5)(ii)(B)
HIPAA,Administrative Simplification 2013,164.308(a)(5)(ii)(C)
HIPAA,Administrative Simplification 2013,164.308(a)(5)(ii)(D)
HIPAA,Administrative Simplification 2013,164.308(a)(6)(i)
HIPAA,Administrative Simplification 2013,164.308(a)(6)(ii)
HIPAA,Administrative Simplification 2013,164.308(a)(7)(i)
HIPAA,Administrative Simplification 2013,164.308(a)(7)(ii)(A)
HIPAA,Administrative Simplification 2013,164.308(a)(7)(ii)(B)
HIPAA,Administrative Simplification 2013,164.308(a)(7)(ii)(C)
HIPAA,Administrative Simplification 2013,164.308(a)(7)(ii)(D)
HIPAA,Administrative Simplification 2013,164.308(a)(7)(ii)(E)
HIPAA,Administrative Simplification 2013,164.308(a)(8)
HIPAA,Administrative Simplification 2013,164.308(b)(1)
HIPAA,Administrative Simplification 2013,164.308(b)(2)
HIPAA,Administrative Simplification 2013,164.308(b)(3)
HIPAA,Administrative Simplification 2013,164.310(a)(1)
HIPAA,Administrative Simplification 2013,164.310(a)(2)(i)
HIPAA,Administrative Simplification 2013,164.310(a)(2)(ii)
HIPAA,Administrative Simplification 2013,164.310(a)(2)(iii)
HIPAA,Administrative Simplification 2013,164.310(a)(2)(iv)
HIPAA,Administrative Simplification 2013,164.310(b)
HIPAA,Administrative Simplification 2013,164.310(c)
HIPAA,Administrative Simplification 2013,164.310(d)(1)
HIPAA,Administrative Simplification 2013,164.310(d)(2)(i)
HIPAA,Administrative Simplification 2013,164.310(d)(2)(ii)
HIPAA,Administrative Simplification 2013,164.310(d)(2)(iii)
HIPAA,Administrative Simplification 2013,164.310(d)(2)(iv)
HIPAA,Administrative Simplification 2013,164.312(a)(1)
HIPAA,Administrative Simplification 2013,164.312(a)(2)(i)
HIPAA,Administrative Simplification 2013,164.312(a)(2)(ii)
HIPAA,Administrative Simplification 2013,164.312(a)(2)(iii)
HIPAA,Administrative Simplification 2013,164.312(a)(2)(iv)
HIPAA,Administrative Simplification 2013,164.312(b)
HIPAA,Administrative Simplification 2013,164.312(c)(1)
HIPAA,Administrative Simplification 2013,164.312(c)(2)
HIPAA,Administrative Simplification 2013,164.312(d)
HIPAA,Administrative Simplification 2013,164.312(e)(1)
HIPAA,Administrative Simplification 2013,164.312(e)(2)(i)
HIPAA,Administrative Simplification 2013,164.312(e)(2)(ii)
HIPAA,Administrative Simplification 2013,164.314(a)(1)
HIPAA,Administrative Simplification 2013,164.314(a)(2)(i)(B)
HIPAA,Administrative Simplification 2013,164.314(a)(2)(i)(C)
HIPAA,Administrative Simplification 2013,164.314(a)(2)(ii)
HIPAA,Administrative Simplification 2013,164.314(a)(2)(iii)
HIPAA,Administrative Simplification 2013,164.314(b)(1)
HIPAA,Administrative Simplification 2013,164.314(b)(2)(i)
HIPAA,Administrative Simplification 2013,164.314(b)(2)(ii)
HIPAA,Administrative Simplification 2013,164.314(b)(2)(iii)
HIPAA,Administrative Simplification 2013,164.314(b)(2)(iv)
HIPAA,Administrative Simplification 2013,164.316(a)
HIPAA,Administrative Simplification 2013,164.316(b)(1)(i)
HIPAA,Administrative Simplification 2013,164.316(b)(1)(ii)
HIPAA,Administrative Simplification 2013,164.316(b)(2)(i)
HIPAA,Administrative Simplification 2013,164.316(b)(2)(ii)
HIPAA,Administrative Simplification 2013,164.316(b)(2)(iii)
HIPAA,Administrative Simplification 2013,164.402
HIPAA,Administrative Simplification 2013,164.404(a)(1)
HIPAA,Administrative Simplification 2013,164.404(a)(2)
HIPAA,Administrative Simplification 2013,164.404(b)
HIPAA,Administrative Simplification 2013,164.404(c)(1)(A)
HIPAA,Administrative Simplification 2013,164.404(c)(1)(B)
HIPAA,Administrative Simplification 2013,164.404(c)(1)(C)
HIPAA,Administrative Simplification 2013,164.404(c)(1)(D)
HIPAA,Administrative Simplification 2013,164.404(c)(1)(E)
HIPAA,Administrative Simplification 2013,164.404(c)(2)
HIPAA,Administrative Simplification 2013,164.404(d)(1)(i)
HIPAA,Administrative Simplification 2013,164.404(d)(1)(ii)
HIPAA,Administrative Simplification 2013,164.404(d)(2)
HIPAA,Administrative Simplification 2013,164.404(d)(2)(i)
HIPAA,Administrative Simplification 2013,164.404(d)(2)(ii)(A)
HIPAA,Administrative Simplification 2013,164.404(d)(2)(ii)(B)
HIPAA,Administrative Simplification 2013,164.404(d)(3)
HIPAA,Administrative Simplification 2013,164.406(a)
HIPAA,Administrative Simplification 2013,164.406(b)
HIPAA,Administrative Simplification 2013,164.406(c)
HIPAA,Administrative Simplification 2013,164.408(a)
HIPAA,Administrative Simplification 2013,164.408(b)
HIPAA,Administrative Simplification 2013,164.408(c)
HIPAA,Administrative Simplification 2013,164.410(a)(1)
HIPAA,Administrative Simplification 2013,164.410(a)(2)
HIPAA,Administrative Simplification 2013,164.410(b)
HIPAA,Administrative Simplification 2013,164.410(c)(1)
HIPAA,Administrative Simplification 2013,164.410(c)(2)
HIPAA,Administrative Simplification 2013,164.412
HIPAA,Administrative Simplification 2013,164.412(a)
HIPAA,Administrative Simplification 2013,164.412(b)
HIPAA,Administrative Simplification 2013,164.501
HIPAA,Administrative Simplification 2013,164.502(a)
HIPAA,Administrative Simplification 2013,164.502(a)(1)(i)
HIPAA,Administrative Simplification 2013,164.502(a)(1)(ii)
HIPAA,Administrative Simplification 2013,164.502(a)(1)(iii)
HIPAA,Administrative Simplification 2013,164.502(a)(2)(i)
HIPAA,Administrative Simplification 2013,164.502(a)(2)(ii)
HIPAA,Administrative Simplification 2013,164.502(a)(3)
HIPAA,Administrative Simplification 2013,164.502(a)(4)(i)
HIPAA,Administrative Simplification 2013,164.502(a)(4)(ii)
HIPAA,Administrative Simplification 2013,164.502(a)(5)(i)
HIPAA,Administrative Simplification 2013,164.502(a)(5)(ii)(A)
HIPAA,Administrative Simplification 2013,164.502(b)(1)
HIPAA,Administrative Simplification 2013,164.502(c)
HIPAA,Administrative Simplification 2013,164.502(d)(1)
HIPAA,Administrative Simplification 2013,164.502(e)(1)(i)
HIPAA,Administrative Simplification 2013,164.502(e)(1)(ii)
HIPAA,Administrative Simplification 2013,164.502(e)(2)
HIPAA,Administrative Simplification 2013,164.502(g)(1)
HIPAA,Administrative Simplification 2013,164.502(g)(2)
HIPAA,Administrative Simplification 2013,164.502(g)(3)(i)
HIPAA,Administrative Simplification 2013,164.502(g)(3)(i)(A)
HIPAA,Administrative Simplification 2013,164.502(i)
HIPAA,Administrative Simplification 2013,164.504(a)
HIPAA,Administrative Simplification 2013,164.504(e)(2)(i)
HIPAA,Administrative Simplification 2013,164.504(e)(2)(i)(A)
HIPAA,Administrative Simplification 2013,164.504(e)(2)(i)(B)
HIPAA,Administrative Simplification 2013,164.504(e)(2)(ii)(A)
HIPAA,Administrative Simplification 2013,164.504(e)(2)(ii)(B)
HIPAA,Administrative Simplification 2013,164.504(e)(2)(ii)(C)
HIPAA,Administrative Simplification 2013,164.504(e)(2)(ii)(D)
HIPAA,Administrative Simplification 2013,164.504(e)(2)(ii)(J)
HIPAA,Administrative Simplification 2013,164.504(e)(2)(iii)
HIPAA,Administrative Simplification 2013,164.504(e)(4)(i)
HIPAA,Administrative Simplification 2013,164.504(e)(4)(i)(A)
HIPAA,Administrative Simplification 2013,164.504(e)(4)(i)(B)
HIPAA,Administrative Simplification 2013,164.504(e)(4)(i)(B)(ii)
HIPAA,Administrative Simplification 2013,164.504(e)(4)(i)(B)(ii)(A)
HIPAA,Administrative Simplification 2013,164.504(e)(4)(i)(B)(ii)(B)(1)
HIPAA,Administrative Simplification 2013,164.504(e)(4)(i)(B)(ii)(B)(2)
HIPAA,Administrative Simplification 2013,164.504(f)(1)(i)
HIPAA,Administrative Simplification 2013,164.504(f)(2)(i)
HIPAA,Administrative Simplification 2013,164.504(f)(2)(ii)
HIPAA,Administrative Simplification 2013,164.504(f)(2)(ii)(A)
HIPAA,Administrative Simplification 2013,164.504(f)(2)(ii)(B)
HIPAA,Administrative Simplification 2013,164.504(f)(2)(ii)(C)
HIPAA,Administrative Simplification 2013,164.504(f)(2)(ii)(D)
HIPAA,Administrative Simplification 2013,164.504(f)(2)(ii)(E)
HIPAA,Administrative Simplification 2013,164.504(f)(2)(ii)(F)
HIPAA,Administrative Simplification 2013,164.504(f)(2)(ii)(G)
HIPAA,Administrative Simplification 2013,164.504(f)(2)(ii)(H)
HIPAA,Administrative Simplification 2013,164.504(f)(2)(ii)(I)
HIPAA,Administrative Simplification 2013,164.504(f)(2)(ii)(J)
HIPAA,Administrative Simplification 2013,164.504(f)(2)(iii)(A)
HIPAA,Administrative Simplification 2013,164.504(f)(2)(iii)(B)
HIPAA,Administrative Simplification 2013,164.504(f)(2)(iii)(C)
HIPAA,Administrative Simplification 2013,164.504(f)(3)(i)
HIPAA,Administrative Simplification 2013,164.504(f)(3)(ii)
HIPAA,Administrative Simplification 2013,164.504(f)(3)(iii)
HIPAA,Administrative Simplification 2013,164.504(f)(3)(iv)
HIPAA,Administrative Simplification 2013,164.504(g)(1)
HIPAA,Administrative Simplification 2013,164.504(g)(2)
HIPAA,Administrative Simplification 2013,164.506(a)
HIPAA,Administrative Simplification 2013,164.506(b)(1)
HIPAA,Administrative Simplification 2013,164.506(c)(1)
HIPAA,Administrative Simplification 2013,164.506(c)(2)
HIPAA,Administrative Simplification 2013,164.506(c)(3)
HIPAA,Administrative Simplification 2013,164.506(c)(4)
HIPAA,Administrative Simplification 2013,164.506(c)(5)
HIPAA,Administrative Simplification 2013,164.508(a)(1)
HIPAA,Administrative Simplification 2013,164.508(a)(2)
HIPAA,Administrative Simplification 2013,164.508(a)(2)(i)(B)
HIPAA,Administrative Simplification 2013,164.508(a)(2)(i)(C)
HIPAA,Administrative Simplification 2013,164.508(a)(4)(i)
HIPAA,Administrative Simplification 2013,164.508(c)(1)(i)
HIPAA,Administrative Simplification 2013,164.508(c)(1)(ii)
HIPAA,Administrative Simplification 2013,164.508(c)(1)(iii)
HIPAA,Administrative Simplification 2013,164.508(c)(1)(iv)
HIPAA,Administrative Simplification 2013,164.508(c)(1)(v)
HIPAA,Administrative Simplification 2013,164.508(c)(2)(i)(A)
HIPAA,Administrative Simplification 2013,164.508(c)(2)(i)(B)
HIPAA,Administrative Simplification 2013,164.508(c)(2)(ii)(A)
HIPAA,Administrative Simplification 2013,164.508(c)(2)(ii)(B)
HIPAA,Administrative Simplification 2013,164.508(c)(3)
HIPAA,Administrative Simplification 2013,164.510(a)(1)(i)(A)
HIPAA,Administrative Simplification 2013,164.510(a)(1)(i)(B)
HIPAA,Administrative Simplification 2013,164.510(a)(1)(i)(C)
HIPAA,Administrative Simplification 2013,164.510(a)(1)(i)(D)
HIPAA,Administrative Simplification 2013,164.510(a)(1)(ii)(A)
HIPAA,Administrative Simplification 2013,164.510(a)(1)(ii)(B)
HIPAA,Administrative Simplification 2013,164.510(b)(1)(i)
HIPAA,Administrative Simplification 2013,164.510(b)(1)(ii)
HIPAA,Administrative Simplification 2013,164.510(b)(2)
HIPAA,Administrative Simplification 2013,164.510(b)(2)(i)
HIPAA,Administrative Simplification 2013,164.510(b)(2)(ii)
HIPAA,Administrative Simplification 2013,164.510(b)(2)(iii)
HIPAA,Administrative Simplification 2013,164.510(b)(3)
HIPAA,Administrative Simplification 2013,164.510(b)(4)
HIPAA,Administrative Simplification 2013,164.510(b)(5)
HIPAA,Administrative Simplification 2013,164.512
HIPAA,Administrative Simplification 2013,164.512(a)(1)
HIPAA,Administrative Simplification 2013,164.512(c)(1)
HIPAA,Administrative Simplification 2013,164.512(c)(1)(i)
HIPAA,Administrative Simplification 2013,164.512(c)(1)(ii)
HIPAA,Administrative Simplification 2013,164.512(c)(1)(iii)(A)
HIPAA,Administrative Simplification 2013,164.512(c)(1)(iii)(B)
HIPAA,Administrative Simplification 2013,164.512(c)(2)
HIPAA,Administrative Simplification 2013,164.512(c)(2)(i)
HIPAA,Administrative Simplification 2013,164.512(c)(2)(ii)
HIPAA,Administrative Simplification 2013,164.512(d)(1)
HIPAA,Administrative Simplification 2013,164.512(d)(1)(i)
HIPAA,Administrative Simplification 2013,164.512(d)(1)(ii)
HIPAA,Administrative Simplification 2013,164.512(d)(1)(iii)
HIPAA,Administrative Simplification 2013,164.512(d)(1)(iv)
HIPAA,Administrative Simplification 2013,164.512(e)(1)
HIPAA,Administrative Simplification 2013,164.512(e)(1)(i)
HIPAA,Administrative Simplification 2013,164.512(e)(1)(ii)
HIPAA,Administrative Simplification 2013,164.512(e)(1)(ii)(A)
HIPAA,Administrative Simplification 2013,164.512(e)(1)(ii)(B)
HIPAA,Administrative Simplification 2013,164.512(e)(1)(iii)
HIPAA,Administrative Simplification 2013,164.512(e)(1)(iii)(A)
HIPAA,Administrative Simplification 2013,164.512(e)(1)(iii)(B)
HIPAA,Administrative Simplification 2013,164.512(e)(1)(iii)(C)
HIPAA,Administrative Simplification 2013,164.512(e)(1)(iii)(C)(1)
HIPAA,Administrative Simplification 2013,164.512(e)(1)(iii)(C)(2)
HIPAA,Administrative Simplification 2013,164.512(e)(1)(iv)
HIPAA,Administrative Simplification 2013,164.512(e)(1)(iv)(A)
HIPAA,Administrative Simplification 2013,164.512(e)(1)(iv)(B)
HIPAA,Administrative Simplification 2013,164.512(e)(1)(v)
HIPAA,Administrative Simplification 2013,164.512(e)(1)(v)(A)
HIPAA,Administrative Simplification 2013,164.512(e)(1)(v)(B)
HIPAA,Administrative Simplification 2013,164.512(e)(1)(vi)
HIPAA,Administrative Simplification 2013,164.512(f)
HIPAA,Administrative Simplification 2013,164.512(f)(1)
HIPAA,Administrative Simplification 2013,164.512(f)(1)(i)
HIPAA,Administrative Simplification 2013,164.512(f)(1)(ii)(A)
HIPAA,Administrative Simplification 2013,164.512(f)(1)(ii)(B)
HIPAA,Administrative Simplification 2013,164.512(f)(1)(ii)(C)
HIPAA,Administrative Simplification 2013,164.512(f)(1)(ii)(C)(1)
HIPAA,Administrative Simplification 2013,164.512(f)(1)(ii)(C)(2)
HIPAA,Administrative Simplification 2013,164.512(f)(1)(ii)(C)(3)
HIPAA,Administrative Simplification 2013,164.512(f)(2)
HIPAA,Administrative Simplification 2013,164.512(f)(2)(i)(A)
HIPAA,Administrative Simplification 2013,164.512(f)(2)(i)(B)
HIPAA,Administrative Simplification 2013,164.512(f)(2)(i)(C)
HIPAA,Administrative Simplification 2013,164.512(f)(2)(i)(D)
HIPAA,Administrative Simplification 2013,164.512(f)(2)(i)(E)
HIPAA,Administrative Simplification 2013,164.512(f)(2)(i)(F)
HIPAA,Administrative Simplification 2013,164.512(f)(2)(i)(G)
HIPAA,Administrative Simplification 2013,164.512(f)(2)(i)(H)
HIPAA,Administrative Simplification 2013,164.512(f)(2)(ii)
HIPAA,Administrative Simplification 2013,164.512(f)(3)
HIPAA,Administrative Simplification 2013,164.512(f)(3)(i)
HIPAA,Administrative Simplification 2013,164.512(f)(3)(ii)
HIPAA,Administrative Simplification 2013,164.512(f)(3)(ii)(A)
HIPAA,Administrative Simplification 2013,164.512(f)(3)(ii)(B)
HIPAA,Administrative Simplification 2013,164.512(f)(3)(ii)(C)
HIPAA,Administrative Simplification 2013,164.512(f)(4)
HIPAA,Administrative Simplification 2013,164.512(f)(5)
HIPAA,Administrative Simplification 2013,164.512(f)(6)(i)
HIPAA,Administrative Simplification 2013,164.512(f)(6)(i)(A)
HIPAA,Administrative Simplification 2013,164.512(f)(6)(i)(B)
HIPAA,Administrative Simplification 2013,164.512(f)(6)(i)(C)
HIPAA,Administrative Simplification 2013,164.512(f)(6)(ii)
HIPAA,Administrative Simplification 2013,164.512(g)(1)
HIPAA,Administrative Simplification 2013,164.512(g)(2)
HIPAA,Administrative Simplification 2013,164.512(h)
HIPAA,Administrative Simplification 2013,164.512(i)(1)
HIPAA,Administrative Simplification 2013,164.512(i)(1)(i)(B)
HIPAA,Administrative Simplification 2013,164.512(i)(1)(i)(B)(1)
HIPAA,Administrative Simplification 2013,164.512(i)(1)(i)(B)(2)
HIPAA,Administrative Simplification 2013,164.512(i)(1)(i)(B)(3)
HIPAA,Administrative Simplification 2013,164.512(j)(1)
HIPAA,Administrative Simplification 2013,164.512(j)(1)(i)(A)
HIPAA,Administrative Simplification 2013,164.512(j)(1)(i)(B)
HIPAA,Administrative Simplification 2013,164.512(j)(1)(ii)
HIPAA,Administrative Simplification 2013,164.512(j)(1)(ii)(A)
HIPAA,Administrative Simplification 2013,164.512(j)(1)(ii)(B)
HIPAA,Administrative Simplification 2013,164.512(j)(2)(i)
HIPAA,Administrative Simplification 2013,164.512(j)(2)(ii)
HIPAA,Administrative Simplification 2013,164.512(j)(3)
HIPAA,Administrative Simplification 2013,164.512(j)(4)
HIPAA,Administrative Simplification 2013,164.512(k)(1)(i)
HIPAA,Administrative Simplification 2013,164.512(k)(1)(i)(A)
HIPAA,Administrative Simplification 2013,164.512(k)(1)(i)(B)
HIPAA,Administrative Simplification 2013,164.512(k)(1)(ii)
HIPAA,Administrative Simplification 2013,164.512(k)(1)(iii)
HIPAA,Administrative Simplification 2013,164.512(k)(1)(iv)
HIPAA,Administrative Simplification 2013,164.512(k)(2)
HIPAA,Administrative Simplification 2013,164.512(k)(3)
HIPAA,Administrative Simplification 2013,164.512(k)(4)
HIPAA,Administrative Simplification 2013,164.512(k)(4)(i)
HIPAA,Administrative Simplification 2013,164.512(k)(4)(ii)
HIPAA,Administrative Simplification 2013,164.512(k)(4)(iii)
HIPAA,Administrative Simplification 2013,164.512(k)(5)(i)
HIPAA,Administrative Simplification 2013,164.512(k)(5)(i)(A)
HIPAA,Administrative Simplification 2013,164.512(k)(5)(i)(B)
HIPAA,Administrative Simplification 2013,164.512(k)(5)(i)(C)
HIPAA,Administrative Simplification 2013,164.512(k)(5)(i)(D)
HIPAA,Administrative Simplification 2013,164.512(k)(5)(i)(E)
HIPAA,Administrative Simplification 2013,164.512(k)(5)(i)(F)
HIPAA,Administrative Simplification 2013,164.512(k)(5)(ii)
HIPAA,Administrative Simplification 2013,164.512(k)(5)(iii)
HIPAA,Administrative Simplification 2013,164.512(k)(6)(i)
HIPAA,Administrative Simplification 2013,164.512(k)(6)(ii)
HIPAA,Administrative Simplification 2013,164.512(k)(6)(ii)(1)
HIPAA,Administrative Simplification 2013,164.514(d)(2)(i)(A)
HIPAA,Administrative Simplification 2013,164.514(d)(2)(i)(B)
HIPAA,Administrative Simplification 2013,164.514(d)(2)(ii)
HIPAA,Administrative Simplification 2013,164.514(d)(3)(i)
HIPAA,Administrative Simplification 2013,164.514(d)(3)(ii)(A)
HIPAA,Administrative Simplification 2013,164.514(d)(3)(ii)(B)
HIPAA,Administrative Simplification 2013,164.514(d)(3)(iii)
HIPAA,Administrative Simplification 2013,164.514(d)(3)(iii)(A)
HIPAA,Administrative Simplification 2013,164.514(d)(3)(iii)(B)
HIPAA,Administrative Simplification 2013,164.514(d)(3)(iii)(C)
HIPAA,Administrative Simplification 2013,164.514(d)(3)(iii)(D)
HIPAA,Administrative Simplification 2013,164.514(d)(4)
HIPAA,Administrative Simplification 2013,164.514(d)(4)(i)
HIPAA,Administrative Simplification 2013,164.514(d)(4)(ii)
HIPAA,Administrative Simplification 2013,164.514(d)(4)(iii)(A)
HIPAA,Administrative Simplification 2013,164.514(d)(4)(iii)(B)
HIPAA,Administrative Simplification 2013,164.514(d)(5)
HIPAA,Administrative Simplification 2013,164.514(e)(1)
HIPAA,Administrative Simplification 2013,164.514(e)(2)
HIPAA,Administrative Simplification 2013,164.514(e)(2)(i)
HIPAA,Administrative Simplification 2013,164.514(e)(2)(ii)
HIPAA,Administrative Simplification 2013,164.514(e)(2)(iii)
HIPAA,Administrative Simplification 2013,164.514(e)(2)(iv)
HIPAA,Administrative Simplification 2013,164.514(e)(2)(ix)
HIPAA,Administrative Simplification 2013,164.514(e)(2)(v)
HIPAA,Administrative Simplification 2013,164.514(e)(2)(vi)
HIPAA,Administrative Simplification 2013,164.514(e)(2)(vii)
HIPAA,Administrative Simplification 2013,164.514(e)(2)(viii)
HIPAA,Administrative Simplification 2013,164.514(e)(2)(x)
HIPAA,Administrative Simplification 2013,164.514(e)(2)(xi)
HIPAA,Administrative Simplification 2013,164.514(e)(2)(xii)
HIPAA,Administrative Simplification 2013,164.514(e)(2)(xiii)
HIPAA,Administrative Simplification 2013,164.514(e)(2)(xiv)
HIPAA,Administrative Simplification 2013,164.514(e)(2)(xv)
HIPAA,Administrative Simplification 2013,164.514(e)(2)(xvi)
HIPAA,Administrative Simplification 2013,164.514(e)(3)(i)
HIPAA,Administrative Simplification 2013,164.514(e)(3)(ii)
HIPAA,Administrative Simplification 2013,164.514(e)(4)(i)
HIPAA,Administrative Simplification 2013,164.514(e)(4)(ii)
HIPAA,Administrative Simplification 2013,164.514(e)(4)(ii)(A)
HIPAA,Administrative Simplification 2013,164.514(e)(4)(ii)(B)
HIPAA,Administrative Simplification 2013,164.514(e)(4)(ii)(C)
HIPAA,Administrative Simplification 2013,164.514(e)(4)(ii)(C)(1)
HIPAA,Administrative Simplification 2013,164.514(e)(4)(ii)(C)(2)
HIPAA,Administrative Simplification 2013,164.514(e)(4)(ii)(C)(3)
HIPAA,Administrative Simplification 2013,164.514(e)(4)(ii)(C)(4)
HIPAA,Administrative Simplification 2013,164.514(e)(4)(ii)(C)(5)
HIPAA,Administrative Simplification 2013,164.514(f)(2)(i)
HIPAA,Administrative Simplification 2013,164.514(f)(2)(ii)
HIPAA,Administrative Simplification 2013,164.514(f)(2)(iii)
HIPAA,Administrative Simplification 2013,164.514(f)(2)(iv)
HIPAA,Administrative Simplification 2013,164.514(f)(2)(v)
HIPAA,Administrative Simplification 2013,164.514(g)
HIPAA,Administrative Simplification 2013,164.514(h)(1)(i)
HIPAA,Administrative Simplification 2013,164.514(h)(1)(ii)
HIPAA,Administrative Simplification 2013,164.520(a)(1)
HIPAA,Administrative Simplification 2013,164.520(a)(2)(i)
HIPAA,Administrative Simplification 2013,164.520(a)(2)(i)(A)
HIPAA,Administrative Simplification 2013,164.520(a)(2)(i)(B)
HIPAA,Administrative Simplification 2013,164.520(a)(2)(ii)
HIPAA,Administrative Simplification 2013,164.520(a)(2)(ii)(A)
HIPAA,Administrative Simplification 2013,164.520(a)(2)(ii)(B)
HIPAA,Administrative Simplification 2013,164.520(a)(2)(iii)
HIPAA,Administrative Simplification 2013,164.520(b)(1)
HIPAA,Administrative Simplification 2013,164.520(b)(1)(i)
HIPAA,Administrative Simplification 2013,164.520(b)(1)(ii)
HIPAA,Administrative Simplification 2013,164.520(b)(1)(ii)(A)
HIPAA,Administrative Simplification 2013,164.520(b)(1)(ii)(B)
HIPAA,Administrative Simplification 2013,164.520(b)(1)(ii)(C)
HIPAA,Administrative Simplification 2013,164.520(b)(1)(ii)(D)
HIPAA,Administrative Simplification 2013,164.520(b)(1)(ii)(E)
HIPAA,Administrative Simplification 2013,164.520(b)(1)(iv)
HIPAA,Administrative Simplification 2013,164.520(b)(1)(iv)(A)
HIPAA,Administrative Simplification 2013,164.520(b)(1)(iv)(B)
HIPAA,Administrative Simplification 2013,164.520(b)(1)(iv)(C)
HIPAA,Administrative Simplification 2013,164.520(b)(1)(iv)(D)
HIPAA,Administrative Simplification 2013,164.520(b)(1)(iv)(E)
HIPAA,Administrative Simplification 2013,164.520(b)(1)(iv)(F)
HIPAA,Administrative Simplification 2013,164.520(b)(1)(v)
HIPAA,Administrative Simplification 2013,164.520(b)(1)(v)(A)
HIPAA,Administrative Simplification 2013,164.520(b)(1)(v)(B)
HIPAA,Administrative Simplification 2013,164.520(b)(1)(v)(C)
HIPAA,Administrative Simplification 2013,164.520(b)(1)(vi)
HIPAA,Administrative Simplification 2013,164.520(b)(1)(vii)
HIPAA,Administrative Simplification 2013,164.520(b)(1)(viii)
HIPAA,Administrative Simplification 2013,164.520(b)(2)(i)
HIPAA,Administrative Simplification 2013,164.520(b)(2)(ii)
HIPAA,Administrative Simplification 2013,164.520(b)(3)
HIPAA,Administrative Simplification 2013,164.520(c)
HIPAA,Administrative Simplification 2013,164.520(c)(1)(i)
HIPAA,Administrative Simplification 2013,164.520(c)(1)(i)(A)
HIPAA,Administrative Simplification 2013,164.520(c)(1)(i)(B)
HIPAA,Administrative Simplification 2013,164.520(c)(1)(ii)
HIPAA,Administrative Simplification 2013,164.520(c)(1)(iii)
HIPAA,Administrative Simplification 2013,164.520(c)(1)(iv)
HIPAA,Administrative Simplification 2013,164.520(c)(1)(v)
HIPAA,Administrative Simplification 2013,164.520(c)(1)(v)(A)
HIPAA,Administrative Simplification 2013,164.520(c)(1)(v)(B)
HIPAA,Administrative Simplification 2013,164.524(a)(1)
HIPAA,Administrative Simplification 2013,164.524(a)(1)(i)
HIPAA,Administrative Simplification 2013,164.524(a)(1)(ii)
HIPAA,Administrative Simplification 2013,164.524(a)(1)(iii)
HIPAA,Administrative Simplification 2013,164.524(a)(1)(iii)(A)
HIPAA,Administrative Simplification 2013,164.524(a)(1)(iii)(B)
HIPAA,Administrative Simplification 2013,164.524(a)(2)
HIPAA,Administrative Simplification 2013,164.524(a)(2)(i)
HIPAA,Administrative Simplification 2013,164.524(a)(2)(ii)
HIPAA,Administrative Simplification 2013,164.524(a)(2)(iii)
HIPAA,Administrative Simplification 2013,164.524(a)(2)(iv)
HIPAA,Administrative Simplification 2013,164.524(a)(2)(v)
HIPAA,Administrative Simplification 2013,164.524(a)(3)
HIPAA,Administrative Simplification 2013,164.524(a)(3)(i)
HIPAA,Administrative Simplification 2013,164.524(a)(3)(ii)
HIPAA,Administrative Simplification 2013,164.524(a)(3)(iii)
HIPAA,Administrative Simplification 2013,164.524(a)(4)
HIPAA,Administrative Simplification 2013,164.524(b)(1)
HIPAA,Administrative Simplification 2013,164.524(b)(2)(i)
HIPAA,Administrative Simplification 2013,164.524(b)(2)(i)(A)
HIPAA,Administrative Simplification 2013,164.524(b)(2)(i)(B)
HIPAA,Administrative Simplification 2013,164.524(b)(2)(ii)
HIPAA,Administrative Simplification 2013,164.524(b)(2)(ii)(A)
HIPAA,Administrative Simplification 2013,164.524(b)(2)(ii)(B)
HIPAA,Administrative Simplification 2013,164.524(c)
HIPAA,Administrative Simplification 2013,164.524(c)(1)
HIPAA,Administrative Simplification 2013,164.524(c)(2)(i)
HIPAA,Administrative Simplification 2013,164.524(c)(2)(ii)
HIPAA,Administrative Simplification 2013,164.524(c)(3)(i)
HIPAA,Administrative Simplification 2013,164.524(c)(3)(ii)
HIPAA,Administrative Simplification 2013,164.524(c)(4)
HIPAA,Administrative Simplification 2013,164.524(c)(4)(i)
HIPAA,Administrative Simplification 2013,164.524(c)(4)(ii)
HIPAA,Administrative Simplification 2013,164.524(c)(4)(iii)
HIPAA,Administrative Simplification 2013,164.524(c)(4)(iv)
HIPAA,Administrative Simplification 2013,164.524(d)
HIPAA,Administrative Simplification 2013,164.524(d)(1)
HIPAA,Administrative Simplification 2013,164.524(d)(2)
HIPAA,Administrative Simplification 2013,164.524(d)(2)(i)
HIPAA,Administrative Simplification 2013,164.524(d)(2)(ii)
HIPAA,Administrative Simplification 2013,164.524(d)(2)(iii)
HIPAA,Administrative Simplification 2013,164.524(d)(3)
HIPAA,Administrative Simplification 2013,164.524(d)(4)
HIPAA,Administrative Simplification 2013,164.526(a)(1)
HIPAA,Administrative Simplification 2013,164.526(a)(2)
HIPAA,Administrative Simplification 2013,164.526(a)(2)(i)
HIPAA,Administrative Simplification 2013,164.526(a)(2)(ii)
HIPAA,Administrative Simplification 2013,164.526(a)(2)(iii)
HIPAA,Administrative Simplification 2013,164.526(a)(2)(iv)
HIPAA,Administrative Simplification 2013,164.526(b)(1)
HIPAA,Administrative Simplification 2013,164.526(b)(2)(i)
HIPAA,Administrative Simplification 2013,164.526(b)(2)(i)(A)
HIPAA,Administrative Simplification 2013,164.526(b)(2)(i)(B)
HIPAA,Administrative Simplification 2013,164.526(b)(2)(ii)
HIPAA,Administrative Simplification 2013,164.526(b)(2)(ii)(A)
HIPAA,Administrative Simplification 2013,164.526(b)(2)(ii)(B)
HIPAA,Administrative Simplification 2013,164.526(c)
HIPAA,Administrative Simplification 2013,164.526(c)(1)
HIPAA,Administrative Simplification 2013,164.526(c)(2)
HIPAA,Administrative Simplification 2013,164.526(c)(3)
HIPAA,Administrative Simplification 2013,164.526(c)(3)(i)
HIPAA,Administrative Simplification 2013,164.526(c)(3)(ii)
HIPAA,Administrative Simplification 2013,164.526(d)
HIPAA,Administrative Simplification 2013,164.526(d)(1)
HIPAA,Administrative Simplification 2013,164.526(d)(1)(i)
HIPAA,Administrative Simplification 2013,164.526(d)(1)(ii)
HIPAA,Administrative Simplification 2013,164.526(d)(1)(iii)
HIPAA,Administrative Simplification 2013,164.526(d)(1)(iv)
HIPAA,Administrative Simplification 2013,164.526(d)(2)
HIPAA,Administrative Simplification 2013,164.526(d)(3)
HIPAA,Administrative Simplification 2013,164.526(d)(4)
HIPAA,Administrative Simplification 2013,164.526(d)(5)(i)
HIPAA,Administrative Simplification 2013,164.526(d)(5)(ii)
HIPAA,Administrative Simplification 2013,164.526(d)(5)(iii)
HIPAA,Administrative Simplification 2013,164.526(e)
HIPAA,Administrative Simplification 2013,164.526(f)
HIPAA,Administrative Simplification 2013,164.528(a)(1)
HIPAA,Administrative Simplification 2013,164.528(a)(1)(i)
HIPAA,Administrative Simplification 2013,164.528(a)(1)(ii)
HIPAA,Administrative Simplification 2013,164.528(a)(1)(iii)
HIPAA,Administrative Simplification 2013,164.528(a)(1)(iv)
HIPAA,Administrative Simplification 2013,164.528(a)(1)(ix)
HIPAA,Administrative Simplification 2013,164.528(a)(1)(v)
HIPAA,Administrative Simplification 2013,164.528(a)(1)(vi)
HIPAA,Administrative Simplification 2013,164.528(a)(1)(vii)
HIPAA,Administrative Simplification 2013,164.528(a)(1)(viii)
HIPAA,Administrative Simplification 2013,164.528(b)
HIPAA,Administrative Simplification 2013,164.528(b)(1)
HIPAA,Administrative Simplification 2013,164.528(b)(2)
HIPAA,Administrative Simplification 2013,164.528(b)(2)(i)
HIPAA,Administrative Simplification 2013,164.528(b)(2)(ii)
HIPAA,Administrative Simplification 2013,164.528(b)(2)(iii)
HIPAA,Administrative Simplification 2013,164.528(b)(2)(iv)
HIPAA,Administrative Simplification 2013,164.528(b)(3)
HIPAA,Administrative Simplification 2013,164.528(b)(3)(i)
HIPAA,Administrative Simplification 2013,164.528(b)(3)(ii)
HIPAA,Administrative Simplification 2013,164.528(b)(3)(iii)
HIPAA,Administrative Simplification 2013,164.528(b)(4)(i)
HIPAA,Administrative Simplification 2013,164.528(b)(4)(i)(A)
HIPAA,Administrative Simplification 2013,164.528(b)(4)(i)(B)
HIPAA,Administrative Simplification 2013,164.528(b)(4)(i)(C)
HIPAA,Administrative Simplification 2013,164.528(b)(4)(i)(D)
HIPAA,Administrative Simplification 2013,164.528(b)(4)(i)(E)
HIPAA,Administrative Simplification 2013,164.528(b)(4)(i)(F)
HIPAA,Administrative Simplification 2013,164.528(b)(4)(ii)
HIPAA,Administrative Simplification 2013,164.528(c)(1)
HIPAA,Administrative Simplification 2013,164.528(c)(1)(i)
HIPAA,Administrative Simplification 2013,164.528(c)(1)(ii)
HIPAA,Administrative Simplification 2013,164.528(c)(1)(ii)(A)
HIPAA,Administrative Simplification 2013,164.528(c)(1)(ii)(B)
HIPAA,Administrative Simplification 2013,164.528(c)(2)
HIPAA,Administrative Simplification 2013,164.528(d)
HIPAA,Administrative Simplification 2013,164.528(d)(1)
HIPAA,Administrative Simplification 2013,164.528(d)(2)
HIPAA,Administrative Simplification 2013,164.528(d)(3)
HIPAA,Administrative Simplification 2013,164.530(a)(1)(i)
HIPAA,Administrative Simplification 2013,164.530(a)(1)(ii)
HIPAA,Administrative Simplification 2013,164.530(a)(2)
HIPAA,Administrative Simplification 2013,164.530(b)(1)
HIPAA,Administrative Simplification 2013,164.530(b)(2)(i)
HIPAA,Administrative Simplification 2013,164.530(b)(2)(i)(A)
HIPAA,Administrative Simplification 2013,164.530(b)(2)(i)(B)
HIPAA,Administrative Simplification 2013,164.530(b)(2)(i)(C)
HIPAA,Administrative Simplification 2013,164.530(b)(2)(ii)
HIPAA,Administrative Simplification 2013,164.530(c)(1)
HIPAA,Administrative Simplification 2013,164.530(c)(2)(i)
HIPAA,Administrative Simplification 2013,164.530(c)(2)(ii)
HIPAA,Administrative Simplification 2013,164.530(d)(1)
HIPAA,Administrative Simplification 2013,164.530(d)(2)
HIPAA,Administrative Simplification 2013,164.530(e)(1)
HIPAA,Administrative Simplification 2013,164.530(e)(2)
HIPAA,Administrative Simplification 2013,164.530(f)
HIPAA,Administrative Simplification 2013,164.530(i)(1)
HIPAA,HICP Large Practice,1.L.A
HIPAA,HICP Large Practice,1.L.B
HIPAA,HICP Large Practice,1.L.C
HIPAA,HICP Large Practice,1.M.A
HIPAA,HICP Large Practice,1.M.B
HIPAA,HICP Large Practice,1.M.C
HIPAA,HICP Large Practice,1.M.D
HIPAA,HICP Large Practice,10.M.A
HIPAA,HICP Large Practice,2.L.A
HIPAA,HICP Large Practice,2.L.B
HIPAA,HICP Large Practice,2.L.C
HIPAA,HICP Large Practice,2.L.D
HIPAA,HICP Large Practice,2.L.E
HIPAA,HICP Large Practice,2.L.F
HIPAA,HICP Large Practice,2.M.A
HIPAA,HICP Large Practice,3.L.A
HIPAA,HICP Large Practice,3.L.B
HIPAA,HICP Large Practice,3.L.C
HIPAA,HICP Large Practice,3.L.D
HIPAA,HICP Large Practice,3.M.A
HIPAA,HICP Large Practice,3.M.B
HIPAA,HICP Large Practice,3.M.C
HIPAA,HICP Large Practice,3.M.D
HIPAA,HICP Large Practice,4.L.A
HIPAA,HICP Large Practice,4.L.B
HIPAA,HICP Large Practice,4.M.A
HIPAA,HICP Large Practice,4.M.B
HIPAA,HICP Large Practice,4.M.C
HIPAA,HICP Large Practice,4.M.D
HIPAA,HICP Large Practice,4.M.E
HIPAA,HICP Large Practice,5.L.A
HIPAA,HICP Large Practice,5.L.B
HIPAA,HICP Large Practice,5.M.A
HIPAA,HICP Large Practice,5.M.B
HIPAA,HICP Large Practice,5.M.C
HIPAA,HICP Large Practice,5.M.D
HIPAA,HICP Large Practice,6.L.A
HIPAA,HICP Large Practice,6.L.B
HIPAA,HICP Large Practice,6.L.D
HIPAA,HICP Large Practice,6.L.E
HIPAA,HICP Large Practice,6.M.A
HIPAA,HICP Large Practice,6.M.B
HIPAA,HICP Large Practice,6.M.C
HIPAA,HICP Large Practice,6.M.D
HIPAA,HICP Large Practice,6.M.E
HIPAA,HICP Large Practice,7.L.A
HIPAA,HICP Large Practice,7.L.B
HIPAA,HICP Large Practice,7.M.A
HIPAA,HICP Large Practice,7.M.B
HIPAA,HICP Large Practice,7.M.C
HIPAA,HICP Large Practice,7.M.D
HIPAA,HICP Large Practice,8.L.A
HIPAA,HICP Large Practice,8.L.B
HIPAA,HICP Large Practice,8.L.C
HIPAA,HICP Large Practice,8.L.D
HIPAA,HICP Large Practice,8.L.E
HIPAA,HICP Large Practice,8.L.F
HIPAA,HICP Large Practice,8.M.A
HIPAA,HICP Large Practice,8.M.B
HIPAA,HICP Large Practice,8.M.C
HIPAA,HICP Large Practice,9.L.A
HIPAA,HICP Large Practice,9.L.B
HIPAA,HICP Large Practice,9.L.C
HIPAA,HICP Large Practice,9.L.D
HIPAA,HICP Large Practice,9.M.A
HIPAA,HICP Large Practice,9.M.B
HIPAA,HICP Large Practice,9.M.C
HIPAA,HICP Large Practice,9.M.D
HIPAA,HICP Large Practice,9.M.E
HIPAA,HICP Medium Practice,1.M.A
HIPAA,HICP Medium Practice,1.M.B
HIPAA,HICP Medium Practice,1.M.C
HIPAA,HICP Medium Practice,1.M.D
HIPAA,HICP Medium Practice,2.M.A
HIPAA,HICP Medium Practice,3.M.A
HIPAA,HICP Medium Practice,3.M.B
HIPAA,HICP Medium Practice,3.M.C
HIPAA,HICP Medium Practice,3.M.D
HIPAA,HICP Medium Practice,4.M.A
HIPAA,HICP Medium Practice,4.M.B
HIPAA,HICP Medium Practice,4.M.C
HIPAA,HICP Medium Practice,4.M.D
HIPAA,HICP Medium Practice,4.M.E
HIPAA,HICP Medium Practice,5.M.A
HIPAA,HICP Medium Practice,5.M.B
HIPAA,HICP Medium Practice,5.M.C
HIPAA,HICP Medium Practice,5.M.D
HIPAA,HICP Medium Practice,6.M.A
HIPAA,HICP Medium Practice,6.M.B
HIPAA,HICP Medium Practice,6.M.C
HIPAA,HICP Medium Practice,6.M.D
HIPAA,HICP Medium Practice,6.M.E
HIPAA,HICP Medium Practice,7.M.A
HIPAA,HICP Medium Practice,7.M.B
HIPAA,HICP Medium Practice,7.M.C
HIPAA,HICP Medium Practice,7.M.D
HIPAA,HICP Medium Practice,8.M.A
HIPAA,HICP Medium Practice,8.M.B
HIPAA,HICP Medium Practice,8.M.C
HIPAA,HICP Medium Practice,9.M.A
HIPAA,HICP Medium Practice,9.M.B
HIPAA,HICP Medium Practice,9.M.C
HIPAA,HICP Medium Practice,9.M.D
HIPAA,HICP Medium Practice,9.M.E
HIPAA,HICP Small Practice,1.S.A
HIPAA,HICP Small Practice,1.S.B
HIPAA,HICP Small Practice,1.S.C
HIPAA,HICP Small Practice,10.S.A
HIPAA,HICP Small Practice,2.S.A
HIPAA,HICP Small Practice,3.S.A
HIPAA,HICP Small Practice,4.S.A
HIPAA,HICP Small Practice,4.S.B
HIPAA,HICP Small Practice,4.S.C
HIPAA,HICP Small Practice,5.S.A
HIPAA,HICP Small Practice,5.S.B
HIPAA,HICP Small Practice,5.S.C
HIPAA,HICP Small Practice,6.S.A
HIPAA,HICP Small Practice,6.S.B
HIPAA,HICP Small Practice,6.S.C
HIPAA,HICP Small Practice,7.S.A
HIPAA,HICP Small Practice,8.M.C
HIPAA,HICP Small Practice,8.S.A
HIPAA,HICP Small Practice,8.S.B
HIPAA,HICP Small Practice,9.S.A
HIPAA,Security Rule / NIST SP 800-66 R2,164.306(a)(1)
HIPAA,Security Rule / NIST SP 800-66 R2,164.306(a)(2)
HIPAA,Security Rule / NIST SP 800-66 R2,164.306(a)(3)
HIPAA,Security Rule / NIST SP 800-66 R2,164.306(b)(1)
HIPAA,Security Rule / NIST SP 800-66 R2,164.306(b)(2)(i)
HIPAA,Security Rule / NIST SP 800-66 R2,164.306(b)(2)(ii)
HIPAA,Security Rule / NIST SP 800-66 R2,164.306(b)(2)(iii)
HIPAA,Security Rule / NIST SP 800-66 R2,164.306(b)(2)(iv)
HIPAA,Security Rule / NIST SP 800-66 R2,164.306(c)
HIPAA,Security Rule / NIST SP 800-66 R2,164.306(d)(1)
HIPAA,Security Rule / NIST SP 800-66 R2,164.306(d)(2)
HIPAA,Security Rule / NIST SP 800-66 R2,164.306(d)(3)(i)
HIPAA,Security Rule / NIST SP 800-66 R2,164.306(d)(3)(ii)(A)
HIPAA,Security Rule / NIST SP 800-66 R2,164.306(d)(3)(ii)(B)(1)
HIPAA,Security Rule / NIST SP 800-66 R2,164.306(d)(3)(ii)(B)(2)
HIPAA,Security Rule / NIST SP 800-66 R2,164.306(e)
HIPAA,Security Rule / NIST SP 800-66 R2,164.308(a)(1)(i)
HIPAA,Security Rule / NIST SP 800-66 R2,164.308(a)(1)(ii)(A)
HIPAA,Security Rule / NIST SP 800-66 R2,164.308(a)(1)(ii)(B)
HIPAA,Security Rule / NIST SP 800-66 R2,164.308(a)(1)(ii)(C)
HIPAA,Security Rule / NIST SP 800-66 R2,164.308(a)(1)(ii)(D)
HIPAA,Security Rule / NIST SP 800-66 R2,164.308(a)(2)
HIPAA,Security Rule / NIST SP 800-66 R2,164.308(a)(3)(i)
HIPAA,Security Rule / NIST SP 800-66 R2,164.308(a)(3)(ii)(A)
HIPAA,Security Rule / NIST SP 800-66 R2,164.308(a)(3)(ii)(B)
HIPAA,Security Rule / NIST SP 800-66 R2,164.308(a)(3)(ii)(C)
HIPAA,Security Rule / NIST SP 800-66 R2,164.308(a)(4)(i)
HIPAA,Security Rule / NIST SP 800-66 R2,164.308(a)(4)(ii)(A)
HIPAA,Security Rule / NIST SP 800-66 R2,164.308(a)(4)(ii)(B)
HIPAA,Security Rule / NIST SP 800-66 R2,164.308(a)(4)(ii)(C)
HIPAA,Security Rule / NIST SP 800-66 R2,164.308(a)(5)(i)
HIPAA,Security Rule / NIST SP 800-66 R2,164.308(a)(5)(ii)(A)
HIPAA,Security Rule / NIST SP 800-66 R2,164.308(a)(5)(ii)(B)
HIPAA,Security Rule / NIST SP 800-66 R2,164.308(a)(5)(ii)(C)
HIPAA,Security Rule / NIST SP 800-66 R2,164.308(a)(5)(ii)(D)
HIPAA,Security Rule / NIST SP 800-66 R2,164.308(a)(6)(i)
HIPAA,Security Rule / NIST SP 800-66 R2,164.308(a)(6)(ii)
HIPAA,Security Rule / NIST SP 800-66 R2,164.308(a)(7)(i)
HIPAA,Security Rule / NIST SP 800-66 R2,164.308(a)(7)(ii)(A)
HIPAA,Security Rule / NIST SP 800-66 R2,164.308(a)(7)(ii)(B)
HIPAA,Security Rule / NIST SP 800-66 R2,164.308(a)(7)(ii)(C)
HIPAA,Security Rule / NIST SP 800-66 R2,164.308(a)(7)(ii)(D)
HIPAA,Security Rule / NIST SP 800-66 R2,164.308(a)(7)(ii)(E)
HIPAA,Security Rule / NIST SP 800-66 R2,164.308(a)(8)
HIPAA,Security Rule / NIST SP 800-66 R2,164.308(b)(1)
HIPAA,Security Rule / NIST SP 800-66 R2,164.308(b)(2)
HIPAA,Security Rule / NIST SP 800-66 R2,164.308(b)(3)
HIPAA,Security Rule / NIST SP 800-66 R2,164.310(a)(1)
HIPAA,Security Rule / NIST SP 800-66 R2,164.310(a)(2)(i)
HIPAA,Security Rule / NIST SP 800-66 R2,164.310(a)(2)(ii)
HIPAA,Security Rule / NIST SP 800-66 R2,164.310(a)(2)(iii)
HIPAA,Security Rule / NIST SP 800-66 R2,164.310(a)(2)(iv)
HIPAA,Security Rule / NIST SP 800-66 R2,164.310(b)
HIPAA,Security Rule / NIST SP 800-66 R2,164.310(c)
HIPAA,Security Rule / NIST SP 800-66 R2,164.310(d)(1)
HIPAA,Security Rule / NIST SP 800-66 R2,164.310(d)(2)(i)
HIPAA,Security Rule / NIST SP 800-66 R2,164.310(d)(2)(ii)
HIPAA,Security Rule / NIST SP 800-66 R2,164.310(d)(2)(iii)
HIPAA,Security Rule / NIST SP 800-66 R2,164.310(d)(2)(iv)
HIPAA,Security Rule / NIST SP 800-66 R2,164.312(a)(1)
HIPAA,Security Rule / NIST SP 800-66 R2,164.312(a)(2)(i)
HIPAA,Security Rule / NIST SP 800-66 R2,164.312(a)(2)(ii)
HIPAA,Security Rule / NIST SP 800-66 R2,164.312(a)(2)(iii)
HIPAA,Security Rule / NIST SP 800-66 R2,164.312(a)(2)(iv)
HIPAA,Security Rule / NIST SP 800-66 R2,164.312(b)
HIPAA,Security Rule / NIST SP 800-66 R2,164.312(c)(1)
HIPAA,Security Rule / NIST SP 800-66 R2,164.312(c)(2)
HIPAA,Security Rule / NIST SP 800-66 R2,164.312(d)
HIPAA,Security Rule / NIST SP 800-66 R2,164.312(e)(1)
HIPAA,Security Rule / NIST SP 800-66 R2,164.312(e)(2)(i)
HIPAA,Security Rule / NIST SP 800-66 R2,164.312(e)(2)(ii)
HIPAA,Security Rule / NIST SP 800-66 R2,164.314(a)(1)
HIPAA,Security Rule / NIST SP 800-66 R2,164.314(a)(2)(i)(B)
HIPAA,Security Rule / NIST SP 800-66 R2,164.314(a)(2)(i)(C)
HIPAA,Security Rule / NIST SP 800-66 R2,164.314(a)(2)(ii)
HIPAA,Security Rule / NIST SP 800-66 R2,164.314(a)(2)(iii)
HIPAA,Security Rule / NIST SP 800-66 R2,164.314(b)(1)
HIPAA,Security Rule / NIST SP 800-66 R2,164.314(b)(2)(i)
HIPAA,Security Rule / NIST SP 800-66 R2,164.314(b)(2)(ii)
HIPAA,Security Rule / NIST SP 800-66 R2,164.314(b)(2)(iii)
HIPAA,Security Rule / NIST SP 800-66 R2,164.314(b)(2)(iv)
HIPAA,Security Rule / NIST SP 800-66 R2,164.316(a)
HIPAA,Security Rule / NIST SP 800-66 R2,164.316(b)(1)(i)
HIPAA,Security Rule / NIST SP 800-66 R2,164.316(b)(1)(ii)
HIPAA,Security Rule / NIST SP 800-66 R2,164.316(b)(2)(i)
HIPAA,Security Rule / NIST SP 800-66 R2,164.316(b)(2)(ii)
HIPAA,Security Rule / NIST SP 800-66 R2,164.316(b)(2)(iii)
ISO 27001,v2013,10.1
ISO 27001,v2013,10.2
ISO 27001,v2013,3.0
ISO 27001,v2013,4.1
ISO 27001,v2013,4.2
ISO 27001,v2013,4.3
ISO 27001,v2013,4.4
ISO 27001,v2013,5.1
ISO 27001,v2013,5.2
ISO 27001,v2013,5.3
ISO 27001,v2013,6.1
ISO 27001,v2013,6.1.1
ISO 27001,v2013,6.1.2
ISO 27001,v2013,6.1.3
ISO 27001,v2013,6.2
ISO 27001,v2013,7.1
ISO 27001,v2013,7.2
ISO 27001,v2013,7.3
ISO 27001,v2013,7.4
ISO 27001,v2013,7.5
ISO 27001,v2013,7.5.1
ISO 27001,v2013,7.5.2
ISO 27001,v2013,7.5.3
ISO 27001,v2013,8.1
ISO 27001,v2013,8.2
ISO 27001,v2013,8.3
ISO 27001,v2013,9.1
ISO 27001,v2013,9.2
ISO 27001,v2013,9.3
ISO 27001,v2022,10.1
ISO 27001,v2022,10.2
ISO 27001,v2022,10.2(a)
ISO 27001,v2022,10.2(a)(1)
ISO 27001,v2022,10.2(a)(2)
ISO 27001,v2022,10.2(b)
ISO 27001,v2022,10.2(b)(1)
ISO 27001,v2022,10.2(b)(2)
ISO 27001,v2022,10.2(b)(3)
ISO 27001,v2022,10.2(c)
ISO 27001,v2022,10.2(d)
ISO 27001,v2022,10.2(e)
ISO 27001,v2022,10.2(f)
ISO 27001,v2022,10.2(g)
ISO 27001,v2022,3.0
ISO 27001,v2022,4.1
ISO 27001,v2022,4.2
ISO 27001,v2022,4.2(a)
ISO 27001,v2022,4.2(b)
ISO 27001,v2022,4.2(c)
ISO 27001,v2022,4.3
ISO 27001,v2022,4.3(a)
ISO 27001,v2022,4.3(b)
ISO 27001,v2022,4.3(c)
ISO 27001,v2022,4.4
ISO 27001,v2022,5.1
ISO 27001,v2022,5.1(a)
ISO 27001,v2022,5.1(b)
ISO 27001,v2022,5.1(c)
ISO 27001,v2022,5.1(d)
ISO 27001,v2022,5.1(e)
ISO 27001,v2022,5.1(f)
ISO 27001,v2022,5.1(g)
ISO 27001,v2022,5.1(h)
ISO 27001,v2022,5.2
ISO 27001,v2022,5.2(a)
ISO 27001,v2022,5.2(b)
ISO 27001,v2022,5.2(c)
ISO 27001,v2022,5.2(d)
ISO 27001,v2022,5.2(e)
ISO 27001,v2022,5.2(f)
ISO 27001,v2022,5.2(g)
ISO 27001,v2022,5.3
ISO 27001,v2022,5.3(a)
ISO 27001,v2022,5.3(b)
ISO 27001,v2022,6.1
ISO 27001,v2022,6.1.1
ISO 27001,v2022,6.1.1(a)
ISO 27001,v2022,6.1.1(b)
ISO 27001,v2022,6.1.1(c)
ISO 27001,v2022,6.1.1(d)
ISO 27001,v2022,6.1.1(e)(1)
ISO 27001,v2022,6.1.1(e)(2)
ISO 27001,v2022,6.1.2
ISO 27001,v2022,6.1.2(a)
ISO 27001,v2022,6.1.2(a)(1)
ISO 27001,v2022,6.1.2(a)(2)
ISO 27001,v2022,6.1.2(b)
ISO 27001,v2022,6.1.2(c)
ISO 27001,v2022,6.1.2(c)(1)
ISO 27001,v2022,6.1.2(c)(2)
ISO 27001,v2022,6.1.2(d)
ISO 27001,v2022,6.1.2(d)(1)
ISO 27001,v2022,6.1.2(d)(2)
ISO 27001,v2022,6.1.2(d)(3)
ISO 27001,v2022,6.1.2(e)
ISO 27001,v2022,6.1.2(e)(1)
ISO 27001,v2022,6.1.2(e)(2)
ISO 27001,v2022,6.1.3
ISO 27001,v2022,6.1.3(a)
ISO 27001,v2022,6.1.3(b)
ISO 27001,v2022,6.1.3(c)
ISO 27001,v2022,6.1.3(d)
ISO 27001,v2022,6.1.3(e)
ISO 27001,v2022,6.1.3(f)
ISO 27001,v2022,6.2
ISO 27001,v2022,6.2(a)
ISO 27001,v2022,6.2(b)
ISO 27001,v2022,6.2(c)
ISO 27001,v2022,6.2(d)
ISO 27001,v2022,6.2(e)
ISO 27001,v2022,6.2(f)
ISO 27001,v2022,6.2(g)
ISO 27001,v2022,6.2(h)
ISO 27001,v2022,6.2(i)
ISO 27001,v2022,6.2(j)
ISO 27001,v2022,6.2(k)
ISO 27001,v2022,6.2(l)
ISO 27001,v2022,6.3
ISO 27001,v2022,7.1
ISO 27001,v2022,7.2
ISO 27001,v2022,7.2(a)
ISO 27001,v2022,7.2(b)
ISO 27001,v2022,7.2(c)
ISO 27001,v2022,7.2(d)
ISO 27001,v2022,7.3
ISO 27001,v2022,7.3(a)
ISO 27001,v2022,7.3(b)
ISO 27001,v2022,7.3(c)
ISO 27001,v2022,7.4
ISO 27001,v2022,7.4(a)
ISO 27001,v2022,7.4(b)
ISO 27001,v2022,7.4(c)
ISO 27001,v2022,7.4(d)
ISO 27001,v2022,7.5
ISO 27001,v2022,7.5.1
ISO 27001,v2022,7.5.1(a)
ISO 27001,v2022,7.5.1(b)
ISO 27001,v2022,7.5.2
ISO 27001,v2022,7.5.2(a)
ISO 27001,v2022,7.5.2(b)
ISO 27001,v2022,7.5.2(c)
ISO 27001,v2022,7.5.3
ISO 27001,v2022,7.5.3(a)
ISO 27001,v2022,7.5.3(b)
ISO 27001,v2022,7.5.3(c)
ISO 27001,v2022,7.5.3(d)
ISO 27001,v2022,7.5.3(e)
ISO 27001,v2022,7.5.3(f)
ISO 27001,v2022,8.1
ISO 27001,v2022,8.2
ISO 27001,v2022,8.3
ISO 27001,v2022,9.1
ISO 27001,v2022,9.1(a)
ISO 27001,v2022,9.1(b)
ISO 27001,v2022,9.1(c)
ISO 27001,v2022,9.1(d)
ISO 27001,v2022,9.1(e)
ISO 27001,v2022,9.1(f)
ISO 27001,v2022,9.2
ISO 27001,v2022,9.2.1
ISO 27001,v2022,9.2.1(a)(1)
ISO 27001,v2022,9.2.1(a)(2)
ISO 27001,v2022,9.2.1(b)
ISO 27001,v2022,9.2.2
ISO 27001,v2022,9.2.2(a)
ISO 27001,v2022,9.2.2(b)
ISO 27001,v2022,9.2.2(c)
ISO 27001,v2022,9.3
ISO 27001,v2022,9.3.1
ISO 27001,v2022,9.3.2(a)
ISO 27001,v2022,9.3.2(b)
ISO 27001,v2022,9.3.2(c)
ISO 27001,v2022,9.3.2(d)
ISO 27001,v2022,9.3.2(d)(1)
ISO 27001,v2022,9.3.2(d)(2)
ISO 27001,v2022,9.3.2(d)(3)
ISO 27001,v2022,9.3.2(d)(4)
ISO 27001,v2022,9.3.2(e)
ISO 27001,v2022,9.3.2(f)
ISO 27001,v2022,9.3.2(g)
ISO 27001,v2022,9.3.3
ISO 27002,v2013,10.1.1
ISO 27002,v2013,10.1.2
ISO 27002,v2013,11.1.1
ISO 27002,v2013,11.1.2
ISO 27002,v2013,11.1.3
ISO 27002,v2013,11.1.4
ISO 27002,v2013,11.1.5
ISO 27002,v2013,11.1.6
ISO 27002,v2013,11.2.1
ISO 27002,v2013,11.2.2
ISO 27002,v2013,11.2.3
ISO 27002,v2013,11.2.4
ISO 27002,v2013,11.2.5
ISO 27002,v2013,11.2.6
ISO 27002,v2013,11.2.7
ISO 27002,v2013,11.2.8
ISO 27002,v2013,11.2.9
ISO 27002,v2013,12.1.1
ISO 27002,v2013,12.1.2
ISO 27002,v2013,12.1.3
ISO 27002,v2013,12.1.4
ISO 27002,v2013,12.2.1
ISO 27002,v2013,12.3.1
ISO 27002,v2013,12.4.1
ISO 27002,v2013,12.4.2
ISO 27002,v2013,12.4.3
ISO 27002,v2013,12.4.4
ISO 27002,v2013,12.5.1
ISO 27002,v2013,12.6.1
ISO 27002,v2013,12.6.2
ISO 27002,v2013,12.7.1
ISO 27002,v2013,13.1.1
ISO 27002,v2013,13.1.2
ISO 27002,v2013,13.1.3
ISO 27002,v2013,13.2
ISO 27002,v2013,13.2.1
ISO 27002,v2013,13.2.2
ISO 27002,v2013,13.2.3
ISO 27002,v2013,13.2.4
ISO 27002,v2013,14.1.1
ISO 27002,v2013,14.1.2
ISO 27002,v2013,14.1.3
ISO 27002,v2013,14.2.1
ISO 27002,v2013,14.2.2
ISO 27002,v2013,14.2.3
ISO 27002,v2013,14.2.4
ISO 27002,v2013,14.2.5
ISO 27002,v2013,14.2.6
ISO 27002,v2013,14.2.7
ISO 27002,v2013,14.2.8
ISO 27002,v2013,14.2.9
ISO 27002,v2013,14.3.1
ISO 27002,v2013,15.1.1
ISO 27002,v2013,15.1.2
ISO 27002,v2013,15.1.3
ISO 27002,v2013,15.2.1
ISO 27002,v2013,15.2.2
ISO 27002,v2013,16.1.1
ISO 27002,v2013,16.1.2
ISO 27002,v2013,16.1.3
ISO 27002,v2013,16.1.4
ISO 27002,v2013,16.1.5
ISO 27002,v2013,16.1.6
ISO 27002,v2013,16.1.7
ISO 27002,v2013,17.1.1
ISO 27002,v2013,17.1.2
ISO 27002,v2013,17.1.3
ISO 27002,v2013,17.2.1
ISO 27002,v2013,18.1.1
ISO 27002,v2013,18.1.2
ISO 27002,v2013,18.1.3
ISO 27002,v2013,18.1.4
ISO 27002,v2013,18.1.5
ISO 27002,v2013,18.2.1
ISO 27002,v2013,18.2.2
ISO 27002,v2013,18.2.3
ISO 27002,v2013,5.1
ISO 27002,v2013,5.1.1
ISO 27002,v2013,5.1.2
ISO 27002,v2013,6.1.1
ISO 27002,v2013,6.1.2
ISO 27002,v2013,6.1.3
ISO 27002,v2013,6.1.4
ISO 27002,v2013,6.1.5
ISO 27002,v2013,6.2
ISO 27002,v2013,6.2.1
ISO 27002,v2013,6.2.2
ISO 27002,v2013,7.1
ISO 27002,v2013,7.1.1
ISO 27002,v2013,7.1.2
ISO 27002,v2013,7.2
ISO 27002,v2013,7.2.1
ISO 27002,v2013,7.2.2
ISO 27002,v2013,7.2.3
ISO 27002,v2013,7.3
ISO 27002,v2013,7.3.1
ISO 27002,v2013,8.1.1
ISO 27002,v2013,8.1.2
ISO 27002,v2013,8.1.3
ISO 27002,v2013,8.1.4
ISO 27002,v2013,8.2
ISO 27002,v2013,8.2.1
ISO 27002,v2013,8.2.2
ISO 27002,v2013,8.2.3
ISO 27002,v2013,8.3
ISO 27002,v2013,8.3.1
ISO 27002,v2013,8.3.2
ISO 27002,v2013,8.3.3
ISO 27002,v2013,9.1
ISO 27002,v2013,9.1.1
ISO 27002,v2013,9.1.2
ISO 27002,v2013,9.2.1
ISO 27002,v2013,9.2.2
ISO 27002,v2013,9.2.3
ISO 27002,v2013,9.2.4
ISO 27002,v2013,9.2.5
ISO 27002,v2013,9.2.6
ISO 27002,v2013,9.3.1
ISO 27002,v2013,9.4
ISO 27002,v2013,9.4.1
ISO 27002,v2013,9.4.2
ISO 27002,v2013,9.4.3
ISO 27002,v2013,9.4.4
ISO 27002,v2013,9.4.5
ISO 27002,v2022,3.0
ISO 27002,v2022,3.1
ISO 27002,v2022,3.2
ISO 27002,v2022,5.1
ISO 27002,v2022,5.10
ISO 27002,v2022,5.11
ISO 27002,v2022,5.12
ISO 27002,v2022,5.13
ISO 27002,v2022,5.14
ISO 27002,v2022,5.15
ISO 27002,v2022,5.16
ISO 27002,v2022,5.17
ISO 27002,v2022,5.18
ISO 27002,v2022,5.19
ISO 27002,v2022,5.2
ISO 27002,v2022,5.20
ISO 27002,v2022,5.21
ISO 27002,v2022,5.22
ISO 27002,v2022,5.23
ISO 27002,v2022,5.24
ISO 27002,v2022,5.25
ISO 27002,v2022,5.26
ISO 27002,v2022,5.27
ISO 27002,v2022,5.28
ISO 27002,v2022,5.29
ISO 27002,v2022,5.3
ISO 27002,v2022,5.30
ISO 27002,v2022,5.31
ISO 27002,v2022,5.32
ISO 27002,v2022,5.33
ISO 27002,v2022,5.34
ISO 27002,v2022,5.35
ISO 27002,v2022,5.36
ISO 27002,v2022,5.37
ISO 27002,v2022,5.4
ISO 27002,v2022,5.5
ISO 27002,v2022,5.6
ISO 27002,v2022,5.7
ISO 27002,v2022,5.8
ISO 27002,v2022,5.9
ISO 27002,v2022,6.1
ISO 27002,v2022,6.2
ISO 27002,v2022,6.3
ISO 27002,v2022,6.4
ISO 27002,v2022,6.5
ISO 27002,v2022,6.6
ISO 27002,v2022,6.7
ISO 27002,v2022,6.8
ISO 27002,v2022,7.1
ISO 27002,v2022,7.10
ISO 27002,v2022,7.11
ISO 27002,v2022,7.12
ISO 27002,v2022,7.13
ISO 27002,v2022,7.14
ISO 27002,v2022,7.2
ISO 27002,v2022,7.3
ISO 27002,v2022,7.4
ISO 27002,v2022,7.5
ISO 27002,v2022,7.6
ISO 27002,v2022,7.7
ISO 27002,v2022,7.8
ISO 27002,v2022,7.9
ISO 27002,v2022,8.1
ISO 27002,v2022,8.10
ISO 27002,v2022,8.11
ISO 27002,v2022,8.12
ISO 27002,v2022,8.13
ISO 27002,v2022,8.14
ISO 27002,v2022,8.15
ISO 27002,v2022,8.16
ISO 27002,v2022,8.17
ISO 27002,v2022,8.18
ISO 27002,v2022,8.19
ISO 27002,v2022,8.2
ISO 27002,v2022,8.20
ISO 27002,v2022,8.21
ISO 27002,v2022,8.22
ISO 27002,v2022,8.23
ISO 27002,v2022,8.24
ISO 27002,v2022,8.25
ISO 27002,v2022,8.26
ISO 27002,v2022,8.27
ISO 27002,v2022,8.28
ISO 27002,v2022,8.29
ISO 27002,v2022,8.3
ISO 27002,v2022,8.30
ISO 27002,v2022,8.31
ISO 27002,v2022,8.32
ISO 27002,v2022,8.33
ISO 27002,v2022,8.34
ISO 27002,v2022,8.4
ISO 27002,v2022,8.5
ISO 27002,v2022,8.6
ISO 27002,v2022,8.7
ISO 27002,v2022,8.8
ISO 27002,v2022,8.9
NIST AI RMF,AI 100-1 v1.0,GOVERN 1.0
NIST AI RMF,AI 100-1 v1.0,GOVERN 1.1
NIST AI RMF,AI 100-1 v1.0,GOVERN 1.2
NIST AI RMF,AI 100-1 v1.0,GOVERN 1.3
NIST AI RMF,AI 100-1 v1.0,GOVERN 1.4
NIST AI RMF,AI 100-1 v1.0,GOVERN 1.5
NIST AI RMF,AI 100-1 v1.0,GOVERN 1.6
NIST AI RMF,AI 100-1 v1.0,GOVERN 1.7
NIST AI RMF,AI 100-1 v1.0,GOVERN 2.0
NIST AI RMF,AI 100-1 v1.0,GOVERN 2.1
NIST AI RMF,AI 100-1 v1.0,GOVERN 2.2
NIST AI RMF,AI 100-1 v1.0,GOVERN 2.3
NIST AI RMF,AI 100-1 v1.0,GOVERN 3.0
NIST AI RMF,AI 100-1 v1.0,GOVERN 3.1
NIST AI RMF,AI 100-1 v1.0,GOVERN 3.2
NIST AI RMF,AI 100-1 v1.0,GOVERN 4.0
NIST AI RMF,AI 100-1 v1.0,GOVERN 4.1
NIST AI RMF,AI 100-1 v1.0,GOVERN 4.2
NIST AI RMF,AI 100-1 v1.0,GOVERN 4.3
NIST AI RMF,AI 100-1 v1.0,GOVERN 5.0
NIST AI RMF,AI 100-1 v1.0,GOVERN 5.1
NIST AI RMF,AI 100-1 v1.0,GOVERN 5.2
NIST AI RMF,AI 100-1 v1.0,GOVERN 6.0
NIST AI RMF,AI 100-1 v1.0,GOVERN 6.1
NIST AI RMF,AI 100-1 v1.0,GOVERN 6.2
NIST AI RMF,AI 100-1 v1.0,MANAGE 1.0
NIST AI RMF,AI 100-1 v1.0,MANAGE 1.1
NIST AI RMF,AI 100-1 v1.0,MANAGE 1.2
NIST AI RMF,AI 100-1 v1.0,MANAGE 1.3
NIST AI RMF,AI 100-1 v1.0,MANAGE 1.4
NIST AI RMF,AI 100-1 v1.0,MANAGE 2.0
NIST AI RMF,AI 100-1 v1.0,MANAGE 2.1
NIST AI RMF,AI 100-1 v1.0,MANAGE 2.2
NIST AI RMF,AI 100-1 v1.0,MANAGE 2.3
NIST AI RMF,AI 100-1 v1.0,MANAGE 2.4
NIST AI RMF,AI 100-1 v1.0,MANAGE 3.0
NIST AI RMF,AI 100-1 v1.0,MANAGE 3.1
NIST AI RMF,AI 100-1 v1.0,MANAGE 3.2
NIST AI RMF,AI 100-1 v1.0,MANAGE 4.0
NIST AI RMF,AI 100-1 v1.0,MANAGE 4.1
NIST AI RMF,AI 100-1 v1.0,MANAGE 4.2
NIST AI RMF,AI 100-1 v1.0,MANAGE 4.3
NIST AI RMF,AI 100-1 v1.0,MAP 1.0
NIST AI RMF,AI 100-1 v1.0,MAP 1.1
NIST AI RMF,AI 100-1 v1.0,MAP 1.2
NIST AI RMF,AI 100-1 v1.0,MAP 1.3
NIST AI RMF,AI 100-1 v1.0,MAP 1.4
NIST AI RMF,AI 100-1 v1.0,MAP 1.5
NIST AI RMF,AI 100-1 v1.0,MAP 1.6
NIST AI RMF,AI 100-1 v1.0,MAP 2.0
NIST AI RMF,AI 100-1 v1.0,MAP 2.1
NIST AI RMF,AI 100-1 v1.0,MAP 2.2
NIST AI RMF,AI 100-1 v1.0,MAP 2.3
NIST AI RMF,AI 100-1 v1.0,MAP 3.0
NIST AI RMF,AI 100-1 v1.0,MAP 3.1
NIST AI RMF,AI 100-1 v1.0,MAP 3.2
NIST AI RMF,AI 100-1 v1.0,MAP 3.3
NIST AI RMF,AI 100-1 v1.0,MAP 3.4
NIST AI RMF,AI 100-1 v1.0,MAP 3.5
NIST AI RMF,AI 100-1 v1.0,MAP 4.0
NIST AI RMF,AI 100-1 v1.0,MAP 4.1
NIST AI RMF,AI 100-1 v1.0,MAP 4.2
NIST AI RMF,AI 100-1 v1.0,MAP 5.0
NIST AI RMF,AI 100-1 v1.0,MAP 5.1
NIST AI RMF,AI 100-1 v1.0,MAP 5.2
NIST AI RMF,AI 100-1 v1.0,MEASURE 1.0
NIST AI RMF,AI 100-1 v1.0,MEASURE 1.1
NIST AI RMF,AI 100-1 v1.0,MEASURE 1.2
NIST AI RMF,AI 100-1 v1.0,MEASURE 1.3
NIST AI RMF,AI 100-1 v1.0,MEASURE 2.0
NIST AI RMF,AI 100-1 v1.0,MEASURE 2.1
NIST AI RMF,AI 100-1 v1.0,MEASURE 2.10
NIST AI RMF,AI 100-1 v1.0,MEASURE 2.11
NIST AI RMF,AI 100-1 v1.0,MEASURE 2.12
NIST AI RMF,AI 100-1 v1.0,MEASURE 2.13
NIST AI RMF,AI 100-1 v1.0,MEASURE 2.2
NIST AI RMF,AI 100-1 v1.0,MEASURE 2.3
NIST AI RMF,AI 100-1 v1.0,MEASURE 2.4
NIST AI RMF,AI 100-1 v1.0,MEASURE 2.5
NIST AI RMF,AI 100-1 v1.0,MEASURE 2.6
NIST AI RMF,AI 100-1 v1.0,MEASURE 2.7
NIST AI RMF,AI 100-1 v1.0,MEASURE 2.8
NIST AI RMF,AI 100-1 v1.0,MEASURE 2.9
NIST AI RMF,AI 100-1 v1.0,MEASURE 3.0
NIST AI RMF,AI 100-1 v1.0,MEASURE 3.1
NIST AI RMF,AI 100-1 v1.0,MEASURE 3.2
NIST AI RMF,AI 100-1 v1.0,MEASURE 3.3
NIST AI RMF,AI 100-1 v1.0,MEASURE 4.0
NIST AI RMF,AI 100-1 v1.0,MEASURE 4.1
NIST AI RMF,AI 100-1 v1.0,MEASURE 4.2
NIST AI RMF,AI 100-1 v1.0,MEASURE 4.3
NIST CSF,v1.1,DE.AE-1
NIST CSF,v1.1,DE.AE-2
NIST CSF,v1.1,DE.AE-3
NIST CSF,v1.1,DE.AE-4
NIST CSF,v1.1,DE.AE-5
NIST CSF,v1.1,DE.CM-1
NIST CSF,v1.1,DE.CM-2
NIST CSF,v1.1,DE.CM-3
NIST CSF,v1.1,DE.CM-4
NIST CSF,v1.1,DE.CM-5
NIST CSF,v1.1,DE.CM-6
NIST CSF,v1.1,DE.CM-7
NIST CSF,v1.1,DE.CM-8
NIST CSF,v1.1,DE.DP-1
NIST CSF,v1.1,DE.DP-2
NIST CSF,v1.1,DE.DP-3
NIST CSF,v1.1,DE.DP-4
NIST CSF,v1.1,DE.DP-5
NIST CSF,v1.1,ID.AM-1
NIST CSF,v1.1,ID.AM-2
NIST CSF,v1.1,ID.AM-3
NIST CSF,v1.1,ID.AM-4
NIST CSF,v1.1,ID.AM-5
NIST CSF,v1.1,ID.AM-6
NIST CSF,v1.1,ID.BE-1
NIST CSF,v1.1,ID.BE-2
NIST CSF,v1.1,ID.BE-3
NIST CSF,v1.1,ID.BE-4
NIST CSF,v1.1,ID.BE-5
NIST CSF,v1.1,ID.GV-1
NIST CSF,v1.1,ID.GV-2
NIST CSF,v1.1,ID.GV-3
NIST CSF,v1.1,ID.GV-4
NIST CSF,v1.1,ID.RA-1
NIST CSF,v1.1,ID.RA-2
NIST CSF,v1.1,ID.RA-3
NIST CSF,v1.1,ID.RA-4
NIST CSF,v1.1,ID.RA-5
NIST CSF,v1.1,ID.RA-6
NIST CSF,v1.1,ID.RM-1
NIST CSF,v1.1,ID.RM-2
NIST CSF,v1.1,ID.RM-3
NIST CSF,v1.1,ID.SC-1
NIST CSF,v1.1,ID.SC-2
NIST CSF,v1.1,ID.SC-3
NIST CSF,v1.1,ID.SC-4
NIST CSF,v1.1,ID.SC-5
NIST CSF,v1.1,PR.AC-1
NIST CSF,v1.1,PR.AC-2
NIST CSF,v1.1,PR.AC-3
NIST CSF,v1.1,PR.AC-4
NIST CSF,v1.1,PR.AC-5
NIST CSF,v1.1,PR.AC-6
NIST CSF,v1.1,PR.AC-7
NIST CSF,v1.1,PR.AT-1
NIST CSF,v1.1,PR.AT-2
NIST CSF,v1.1,PR.AT-3
NIST CSF,v1.1,PR.AT-4
NIST CSF,v1.1,PR.AT-5
NIST CSF,v1.1,PR.DS-1
NIST CSF,v1.1,PR.DS-2
NIST CSF,v1.1,PR.DS-3
NIST CSF,v1.1,PR.DS-4
NIST CSF,v1.1,PR.DS-5
NIST CSF,v1.1,PR.DS-6
NIST CSF,v1.1,PR.DS-7
NIST CSF,v1.1,PR.DS-8
NIST CSF,v1.1,PR.IP-1
NIST CSF,v1.1,PR.IP-10
NIST CSF,v1.1,PR.IP-11
NIST CSF,v1.1,PR.IP-12
NIST CSF,v1.1,PR.IP-2
NIST CSF,v1.1,PR.IP-3
NIST CSF,v1.1,PR.IP-4
NIST CSF,v1.1,PR.IP-5
NIST CSF,v1.1,PR.IP-6
NIST CSF,v1.1,PR.IP-7
NIST CSF,v1.1,PR.IP-8
NIST CSF,v1.1,PR.IP-9
NIST CSF,v1.1,PR.MA-1
NIST CSF,v1.1,PR.MA-2
NIST CSF,v1.1,PR.PT-1
NIST CSF,v1.1,PR.PT-2
NIST CSF,v1.1,PR.PT-3
NIST CSF,v1.1,PR.PT-4
NIST CSF,v1.1,PR.PT-5
NIST CSF,v1.1,RC.CO-1
NIST CSF,v1.1,RC.CO-2
NIST CSF,v1.1,RC.CO-3
NIST CSF,v1.1,RC.IM-1
NIST CSF,v1.1,RC.IM-2
NIST CSF,v1.1,RC.RP-1
NIST CSF,v1.1,RS.AN-1
NIST CSF,v1.1,RS.AN-2
NIST CSF,v1.1,RS.AN-3
NIST CSF,v1.1,RS.AN-4
NIST CSF,v1.1,RS.AN-5
NIST CSF,v1.1,RS.CO-1
NIST CSF,v1.1,RS.CO-2
NIST CSF,v1.1,RS.CO-3
NIST CSF,v1.1,RS.CO-4
NIST CSF,v1.1,RS.CO-5
NIST CSF,v1.1,RS.IM-1
NIST CSF,v1.1,RS.IM-2
NIST CSF,v1.1,RS.MI-1
NIST CSF,v1.1,RS.MI-2
NIST CSF,v1.1,RS.MI-3
NIST CSF,v1.1,RS.RP-1
NIST CSF,v2.0,DE
NIST CSF,v2.0,DE.AE
NIST CSF,v2.0,DE.AE-02
NIST CSF,v2.0,DE.AE-03
NIST CSF,v2.0,DE.AE-04
NIST CSF,v2.0,DE.AE-06
NIST CSF,v2.0,DE.AE-07
NIST CSF,v2.0,DE.AE-08
NIST CSF,v2.0,DE.CM
NIST CSF,v2.0,DE.CM-01
NIST CSF,v2.0,DE.CM-02
NIST CSF,v2.0,DE.CM-03
NIST CSF,v2.0,DE.CM-06
NIST CSF,v2.0,DE.CM-09
NIST CSF,v2.0,GV
NIST CSF,v2.0,GV.OC
NIST CSF,v2.0,GV.OC-01
NIST CSF,v2.0,GV.OC-02
NIST CSF,v2.0,GV.OC-03
NIST CSF,v2.0,GV.OC-04
NIST CSF,v2.0,GV.OC-05
NIST CSF,v2.0,GV.OV
NIST CSF,v2.0,GV.OV-01
NIST CSF,v2.0,GV.OV-02
NIST CSF,v2.0,GV.OV-03
NIST CSF,v2.0,GV.PO
NIST CSF,v2.0,GV.PO-01
NIST CSF,v2.0,GV.PO-02
NIST CSF,v2.0,GV.RM
NIST CSF,v2.0,GV.RM-01
NIST CSF,v2.0,GV.RM-02
NIST CSF,v2.0,GV.RM-03
NIST CSF,v2.0,GV.RM-04
NIST CSF,v2.0,GV.RM-05
NIST CSF,v2.0,GV.RM-06
NIST CSF,v2.0,GV.RM-07
NIST CSF,v2.0,GV.RR
NIST CSF,v2.0,GV.RR-01
NIST CSF,v2.0,GV.RR-02
NIST CSF,v2.0,GV.RR-03
NIST CSF,v2.0,GV.RR-04
NIST CSF,v2.0,GV.SC
NIST CSF,v2.0,GV.SC-01
NIST CSF,v2.0,GV.SC-02
NIST CSF,v2.0,GV.SC-03
NIST CSF,v2.0,GV.SC-04
NIST CSF,v2.0,GV.SC-05
NIST CSF,v2.0,GV.SC-06
NIST CSF,v2.0,GV.SC-07
NIST CSF,v2.0,GV.SC-08
NIST CSF,v2.0,GV.SC-09
NIST CSF,v2.0,GV.SC-10
NIST CSF,v2.0,ID
NIST CSF,v2.0,ID.AM
NIST CSF,v2.0,ID.AM-01
NIST CSF,v2.0,ID.AM-02
NIST CSF,v2.0,ID.AM-03
NIST CSF,v2.0,ID.AM-04
NIST CSF,v2.0,ID.AM-05
NIST CSF,v2.0,ID.AM-07
NIST CSF,v2.0,ID.AM-08
NIST CSF,v2.0,ID.IM
NIST CSF,v2.0,ID.IM-01
NIST CSF,v2.0,ID.IM-02
NIST CSF,v2.0,ID.IM-03
NIST CSF,v2.0,ID.IM-04
NIST CSF,v2.0,ID.RA
NIST CSF,v2.0,ID.RA-01
NIST CSF,v2.0,ID.RA-02
NIST CSF,v2.0,ID.RA-03
NIST CSF,v2.0,ID.RA-04
NIST CSF,v2.0,ID.RA-05
NIST CSF,v2.0,ID.RA-06
NIST CSF,v2.0,ID.RA-07
NIST CSF,v2.0,ID.RA-08
NIST CSF,v2.0,ID.RA-09
NIST CSF,v2.0,ID.RA-10
NIST CSF,v2.0,PR
NIST CSF,v2.0,PR.AA
NIST CSF,v2.0,PR.AA-01
NIST CSF,v2.0,PR.AA-02
NIST CSF,v2.0,PR.AA-03
NIST CSF,v2.0,PR.AA-04
NIST CSF,v2.0,PR.AA-05
NIST CSF,v2.0,PR.AA-06
NIST CSF,v2.0,PR.AT
NIST CSF,v2.0,PR.AT-01
NIST CSF,v2.0,PR.AT-02
NIST CSF,v2.0,PR.DS
NIST CSF,v2.0,PR.DS-01
NIST CSF,v2.0,PR.DS-02
NIST CSF,v2.0,PR.DS-10
NIST CSF,v2.0,PR.DS-11
NIST CSF,v2.0,PR.IR
NIST CSF,v2.0,PR.IR-01
NIST CSF,v2.0,PR.IR-02
NIST CSF,v2.0,PR.IR-03
NIST CSF,v2.0,PR.IR-04
NIST CSF,v2.0,PR.PS
NIST CSF,v2.0,PR.PS-01
NIST CSF,v2.0,PR.PS-02
NIST CSF,v2.0,PR.PS-03
NIST CSF,v2.0,PR.PS-04
NIST CSF,v2.0,PR.PS-05
NIST CSF,v2.0,PR.PS-06
NIST CSF,v2.0,RC
NIST CSF,v2.0,RC.CO
NIST CSF,v2.0,RC.CO-03
NIST CSF,v2.0,RC.CO-04
NIST CSF,v2.0,RC.RP
NIST CSF,v2.0,RC.RP-01
NIST CSF,v2.0,RC.RP-02
NIST CSF,v2.0,RC.RP-03
NIST CSF,v2.0,RC.RP-04
NIST CSF,v2.0,RC.RP-05
NIST CSF,v2.0,RC.RP-06
NIST CSF,v2.0,RS
NIST CSF,v2.0,RS.AN
NIST CSF,v2.0,RS.AN-03
NIST CSF,v2.0,RS.AN-06
NIST CSF,v2.0,RS.AN-07
NIST CSF,v2.0,RS.AN-08
NIST CSF,v2.0,RS.CO
NIST CSF,v2.0,RS.CO-02
NIST CSF,v2.0,RS.CO-03
NIST CSF,v2.0,RS.MA
NIST CSF,v2.0,RS.MA-01
NIST CSF,v2.0,RS.MA-02
NIST CSF,v2.0,RS.MA-03
NIST CSF,v2.0,RS.MA-04
NIST CSF,v2.0,RS.MA-05
NIST CSF,v2.0,RS.MI
NIST CSF,v2.0,RS.MI-01
NIST CSF,v2.0,RS.MI-02
NIST Privacy Framework,v1.0,CM.AW-P1
NIST Privacy Framework,v1.0,CM.AW-P2
NIST Privacy Framework,v1.0,CM.AW-P3
NIST Privacy Framework,v1.0,CM.AW-P4
NIST Privacy Framework,v1.0,CM.AW-P5
NIST Privacy Framework,v1.0,CM.AW-P6
NIST Privacy Framework,v1.0,CM.AW-P7
NIST Privacy Framework,v1.0,CM.AW-P8
NIST Privacy Framework,v1.0,CM.PO-P1
NIST Privacy Framework,v1.0,CM.PO-P2
NIST Privacy Framework,v1.0,CT.DM-P1
NIST Privacy Framework,v1.0,CT.DM-P10
NIST Privacy Framework,v1.0,CT.DM-P2
NIST Privacy Framework,v1.0,CT.DM-P3
NIST Privacy Framework,v1.0,CT.DM-P4
NIST Privacy Framework,v1.0,CT.DM-P5
NIST Privacy Framework,v1.0,CT.DM-P6
NIST Privacy Framework,v1.0,CT.DM-P7
NIST Privacy Framework,v1.0,CT.DM-P8
NIST Privacy Framework,v1.0,CT.DM-P9
NIST Privacy Framework,v1.0,CT.DP-P1
NIST Privacy Framework,v1.0,CT.DP-P2
NIST Privacy Framework,v1.0,CT.DP-P3
NIST Privacy Framework,v1.0,CT.DP-P4
NIST Privacy Framework,v1.0,CT.DP-P5
NIST Privacy Framework,v1.0,CT.PO-P1
NIST Privacy Framework,v1.0,CT.PO-P2
NIST Privacy Framework,v1.0,CT.PO-P3
NIST Privacy Framework,v1.0,CT.PO-P4
NIST Privacy Framework,v1.0,GV.AT-P1
NIST Privacy Framework,v1.0,GV.AT-P2
NIST Privacy Framework,v1.0,GV.AT-P3
NIST Privacy Framework,v1.0,GV.AT-P4
NIST Privacy Framework,v1.0,GV.MT-P1
NIST Privacy Framework,v1.0,GV.MT-P2
NIST Privacy Framework,v1.0,GV.MT-P3
NIST Privacy Framework,v1.0,GV.MT-P4
NIST Privacy Framework,v1.0,GV.MT-P5
NIST Privacy Framework,v1.0,GV.MT-P6
NIST Privacy Framework,v1.0,GV.MT-P7
NIST Privacy Framework,v1.0,GV.PO-P1
NIST Privacy Framework,v1.0,GV.PO-P2
NIST Privacy Framework,v1.0,GV.PO-P3
NIST Privacy Framework,v1.0,GV.PO-P4
NIST Privacy Framework,v1.0,GV.PO-P5
NIST Privacy Framework,v1.0,GV.PO-P6
NIST Privacy Framework,v1.0,GV.RM-P1
NIST Privacy Framework,v1.0,GV.RM-P2
NIST Privacy Framework,v1.0,GV.RM-P3
NIST Privacy Framework,v1.0,ID.BE-P1
NIST Privacy Framework,v1.0,ID.BE-P2
NIST Privacy Framework,v1.0,ID.BE-P3
NIST Privacy Framework,v1.0,ID.DE-P1
NIST Privacy Framework,v1.0,ID.DE-P2
NIST Privacy Framework,v1.0,ID.DE-P3
NIST Privacy Framework,v1.0,ID.DE-P4
NIST Privacy Framework,v1.0,ID.DE-P5
NIST Privacy Framework,v1.0,ID.IM-P1
NIST Privacy Framework,v1.0,ID.IM-P2
NIST Privacy Framework,v1.0,ID.IM-P3
NIST Privacy Framework,v1.0,ID.IM-P4
NIST Privacy Framework,v1.0,ID.IM-P5
NIST Privacy Framework,v1.0,ID.IM-P6
NIST Privacy Framework,v1.0,ID.IM-P7
NIST Privacy Framework,v1.0,ID.IM-P8
NIST Privacy Framework,v1.0,ID.RA-P1
NIST Privacy Framework,v1.0,ID.RA-P2
NIST Privacy Framework,v1.0,ID.RA-P3
NIST Privacy Framework,v1.0,ID.RA-P4
NIST Privacy Framework,v1.0,ID.RA-P5
NIST Privacy Framework,v1.0,PR.AC-P1
NIST Privacy Framework,v1.0,PR.AC-P2
NIST Privacy Framework,v1.0,PR.AC-P3
NIST Privacy Framework,v1.0,PR.AC-P4
NIST Privacy Framework,v1.0,PR.AC-P5
NIST Privacy Framework,v1.0,PR.AC-P6
NIST Privacy Framework,v1.0,PR.DS-P1
NIST Privacy Framework,v1.0,PR.DS-P2
NIST Privacy Framework,v1.0,PR.DS-P3
NIST Privacy Framework,v1.0,PR.DS-P4
NIST Privacy Framework,v1.0,PR.DS-P5
NIST Privacy Framework,v1.0,PR.DS-P6
NIST Privacy Framework,v1.0,PR.DS-P7
NIST Privacy Framework,v1.0,PR.DS-P8
NIST Privacy Framework,v1.0,PR.MA-P1
NIST Privacy Framework,v1.0,PR.MA-P2
NIST Privacy Framework,v1.0,PR.PO-P1
NIST Privacy Framework,v1.0,PR.PO-P10
NIST Privacy Framework,v1.0,PR.PO-P2
NIST Privacy Framework,v1.0,PR.PO-P3
NIST Privacy Framework,v1.0,PR.PO-P4
NIST Privacy Framework,v1.0,PR.PO-P5
NIST Privacy Framework,v1.0,PR.PO-P6
NIST Privacy Framework,v1.0,PR.PO-P7
NIST Privacy Framework,v1.0,PR.PO-P8
NIST Privacy Framework,v1.0,PR.PO-P9
NIST Privacy Framework,v1.0,PR.PT-P1
NIST Privacy Framework,v1.0,PR.PT-P2
NIST Privacy Framework,v1.0,PR.PT-P3
NIST Privacy Framework,v1.0,PR.PT-P4
PCI DSS,v3.2,1.1
PCI DSS,v3.2,1.1.1
PCI DSS,v3.2,1.1.2
PCI DSS,v3.2,1.1.3
PCI DSS,v3.2,1.1.4
PCI DSS,v3.2,1.1.5
PCI DSS,v3.2,1.1.6
PCI DSS,v3.2,1.1.7
PCI DSS,v3.2,1.2
PCI DSS,v3.2,1.2.1
PCI DSS,v3.2,1.2.2
PCI DSS,v3.2,1.2.3
PCI DSS,v3.2,1.3
PCI DSS,v3.2,1.3.1
PCI DSS,v3.2,1.3.2
PCI DSS,v3.2,1.3.3
PCI DSS,v3.2,1.3.4
PCI DSS,v3.2,1.3.5
PCI DSS,v3.2,1.3.6
PCI DSS,v3.2,1.3.7
PCI DSS,v3.2,1.4
PCI DSS,v3.2,1.5
PCI DSS,v3.2,10.1
PCI DSS,v3.2,10.2
PCI DSS,v3.2,10.2.1
PCI DSS,v3.2,10.2.2
PCI DSS,v3.2,10.2.3
PCI DSS,v3.2,10.2.4
PCI DSS,v3.2,10.2.5
PCI DSS,v3.2,10.2.6
PCI DSS,v3.2,10.2.7
PCI DSS,v3.2,10.3
PCI DSS,v3.2,10.3.1
PCI DSS,v3.2,10.3.2
PCI DSS,v3.2,10.3.3
PCI DSS,v3.2,10.3.4
PCI DSS,v3.2,10.3.5
PCI DSS,v3.2,10.3.6
PCI DSS,v3.2,10.4
PCI DSS,v3.2,10.4.1
PCI DSS,v3.2,10.4.2
PCI DSS,v3.2,10.4.3
PCI DSS,v3.2,10.5
PCI DSS,v3.2,10.5.1
PCI DSS,v3.2,10.5.2
PCI DSS,v3.2,10.5.3
PCI DSS,v3.2,10.5.4
PCI DSS,v3.2,10.5.5
PCI DSS,v3.2,10.6
PCI DSS,v3.2,10.6.1
PCI DSS,v3.2,10.6.2
PCI DSS,v3.2,10.6.3
PCI DSS,v3.2,10.7
PCI DSS,v3.2,10.8
PCI DSS,v3.2,10.8.1
PCI DSS,v3.2,10.9
PCI DSS,v3.2,11.1
PCI DSS,v3.2,11.1.1
PCI DSS,v3.2,11.1.2
PCI DSS,v3.2,11.2
PCI DSS,v3.2,11.2.1
PCI DSS,v3.2,11.2.2
PCI DSS,v3.2,11.2.3
PCI DSS,v3.2,11.3
PCI DSS,v3.2,11.3.1
PCI DSS,v3.2,11.3.2
PCI DSS,v3.2,11.3.3
PCI DSS,v3.2,11.3.4
PCI DSS,v3.2,11.3.4.1
PCI DSS,v3.2,11.4
PCI DSS,v3.2,11.5
PCI DSS,v3.2,11.5.1
PCI DSS,v3.2,11.6
PCI DSS,v3.2,12.1
PCI DSS,v3.2,12.1.1
PCI DSS,v3.2,12.10
PCI DSS,v3.2,12.10.1
PCI DSS,v3.2,12.10.2
PCI DSS,v3.2,12.10.3
PCI DSS,v3.2,12.10.4
PCI DSS,v3.2,12.10.5
PCI DSS,v3.2,12.10.6
PCI DSS,v3.2,12.11
PCI DSS,v3.2,12.11.1
PCI DSS,v3.2,12.2
PCI DSS,v3.2,12.3
PCI DSS,v3.2,12.3.1
PCI DSS,v3.2,12.3.10
PCI DSS,v3.2,12.3.2
PCI DSS,v3.2,12.3.3
PCI DSS,v3.2,12.3.4
PCI DSS,v3.2,12.3.5
PCI DSS,v3.2,12.3.6
PCI DSS,v3.2,12.3.7
PCI DSS,v3.2,12.3.8
PCI DSS,v3.2,12.3.9
PCI DSS,v3.2,12.4
PCI DSS,v3.2,12.4.1
PCI DSS,v3.2,12.5
PCI DSS,v3.2,12.5.1
PCI DSS,v3.2,12.5.2
PCI DSS,v3.2,12.5.3
PCI DSS,v3.2,12.5.4
PCI DSS,v3.2,12.5.5
PCI DSS,v3.2,12.6
PCI DSS,v3.2,12.6.1
PCI DSS,v3.2,12.6.2
PCI DSS,v3.2,12.7
PCI DSS,v3.2,12.8
PCI DSS,v3.2,12.8.1
PCI DSS,v3.2,12.8.2
PCI DSS,v3.2,12.8.3
PCI DSS,v3.2,12.8.4
PCI DSS,v3.2,12.8.5
PCI DSS,v3.2,12.9
PCI DSS,v3.2,2.1
PCI DSS,v3.2,2.1.1
PCI DSS,v3.2,2.2
PCI DSS,v3.2,2.2.1
PCI DSS,v3.2,2.2.2
PCI DSS,v3.2,2.2.3
PCI DSS,v3.2,2.2.4
PCI DSS,v3.2,2.2.5
PCI DSS,v3.2,2.3
PCI DSS,v3.2,2.4
PCI DSS,v3.2,2.5
PCI DSS,v3.2,2.6
PCI DSS,v3.2,3.1
PCI DSS,v3.2,3.2
PCI DSS,v3.2,3.2.1
PCI DSS,v3.2,3.2.2
PCI DSS,v3.2,3.2.3
PCI DSS,v3.2,3.3
PCI DSS,v3.2,3.4
PCI DSS,v3.2,3.4.1
PCI DSS,v3.2,3.5
PCI DSS,v3.2,3.5.1
PCI DSS,v3.2,3.5.2
PCI DSS,v3.2,3.5.3
PCI DSS,v3.2,3.5.4
PCI DSS,v3.2,3.6
PCI DSS,v3.2,3.6.1
PCI DSS,v3.2,3.6.2
PCI DSS,v3.2,3.6.3
PCI DSS,v3.2,3.6.4
PCI DSS,v3.2,3.6.5
PCI DSS,v3.2,3.6.6
PCI DSS,v3.2,3.6.7
PCI DSS,v3.2,3.6.8
PCI DSS,v3.2,3.7
PCI DSS,v3.2,4.1
PCI DSS,v3.2,4.1.1
PCI DSS,v3.2,4.2
PCI DSS,v3.2,4.3
PCI DSS,v3.2,5.1
PCI DSS,v3.2,5.1.1
PCI DSS,v3.2,5.1.2
PCI DSS,v3.2,5.2
PCI DSS,v3.2,5.3
PCI DSS,v3.2,5.4
PCI DSS,v3.2,6.1
PCI DSS,v3.2,6.2
PCI DSS,v3.2,6.3
PCI DSS,v3.2,6.3.1
PCI DSS,v3.2,6.3.2
PCI DSS,v3.2,6.4
PCI DSS,v3.2,6.4.1
PCI DSS,v3.2,6.4.2
PCI DSS,v3.2,6.4.3
PCI DSS,v3.2,6.4.4
PCI DSS,v3.2,6.4.5
PCI DSS,v3.2,6.4.5.1
PCI DSS,v3.2,6.4.5.2
PCI DSS,v3.2,6.4.5.3
PCI DSS,v3.2,6.4.5.4
PCI DSS,v3.2,6.4.6
PCI DSS,v3.2,6.5
PCI DSS,v3.2,6.5.1
PCI DSS,v3.2,6.5.10
PCI DSS,v3.2,6.5.2
PCI DSS,v3.2,6.5.3
PCI DSS,v3.2,6.5.4
PCI DSS,v3.2,6.5.5
PCI DSS,v3.2,6.5.6
PCI DSS,v3.2,6.5.7
PCI DSS,v3.2,6.5.8
PCI DSS,v3.2,6.5.9
PCI DSS,v3.2,6.6
PCI DSS,v3.2,6.7
PCI DSS,v3.2,7.1
PCI DSS,v3.2,7.1.1
PCI DSS,v3.2,7.1.2
PCI DSS,v3.2,7.1.3
PCI DSS,v3.2,7.1.4
PCI DSS,v3.2,7.2
PCI DSS,v3.2,7.2.1
PCI DSS,v3.2,7.2.2
PCI DSS,v3.2,7.2.3
PCI DSS,v3.2,7.3
PCI DSS,v3.2,8.1
PCI DSS,v3.2,8.1.1
PCI DSS,v3.2,8.1.2
PCI DSS,v3.2,8.1.3
PCI DSS,v3.2,8.1.4
PCI DSS,v3.2,8.1.5
PCI DSS,v3.2,8.1.6
PCI DSS,v3.2,8.1.7
PCI DSS,v3.2,8.1.8
PCI DSS,v3.2,8.2
PCI DSS,v3.2,8.2.1
PCI DSS,v3.2,8.2.2
PCI DSS,v3.2,8.2.3
PCI DSS,v3.2,8.2.4
PCI DSS,v3.2,8.2.5
PCI DSS,v3.2,8.2.6
PCI DSS,v3.2,8.3
PCI DSS,v3.2,8.3.1
PCI DSS,v3.2,8.3.2
PCI DSS,v3.2,8.5
PCI DSS,v3.2,8.5.1
PCI DSS,v3.2,8.6
PCI DSS,v3.2,8.7
PCI DSS,v3.2,8.8
PCI DSS,v3.2,9.1
PCI DSS,v3.2,9.1.1
PCI DSS,v3.2,9.1.2
PCI DSS,v3.2,9.1.3
PCI DSS,v3.2,9.10
PCI DSS,v3.2,9.2
PCI DSS,v3.2,9.3
PCI DSS,v3.2,9.4
PCI DSS,v3.2,9.4.1
PCI DSS,v3.2,9.4.2
PCI DSS,v3.2,9.4.3
PCI DSS,v3.2,9.4.4
PCI DSS,v3.2,9.5
PCI DSS,v3.2,9.5.1
PCI DSS,v3.2,9.6
PCI DSS,v3.2,9.6.1
PCI DSS,v3.2,9.6.2
PCI DSS,v3.2,9.6.3
PCI DSS,v3.2,9.7
PCI DSS,v3.2,9.7.1
PCI DSS,v3.2,9.8
PCI DSS,v3.2,9.8.1
PCI DSS,v3.2,9.8.2
PCI DSS,v3.2,9.9
PCI DSS,v3.2,9.9.1
PCI DSS,v3.2,9.9.2
PCI DSS,v3.2,9.9.3
PCI DSS,v4.0.1,1.1
PCI DSS,v4.0.1,1.1.1
PCI DSS,v4.0.1,1.1.2
PCI DSS,v4.0.1,1.2
PCI DSS,v4.0.1,1.2.1
PCI DSS,v4.0.1,1.2.2
PCI DSS,v4.0.1,1.2.3
PCI DSS,v4.0.1,1.2.4
PCI DSS,v4.0.1,1.2.5
PCI DSS,v4.0.1,1.2.6
PCI DSS,v4.0.1,1.2.7
PCI DSS,v4.0.1,1.2.8
PCI DSS,v4.0.1,1.3
PCI DSS,v4.0.1,1.3.1
PCI DSS,v4.0.1,1.3.2
PCI DSS,v4.0.1,1.3.3
PCI DSS,v4.0.1,1.4
PCI DSS,v4.0.1,1.4.1
PCI DSS,v4.0.1,1.4.2
PCI DSS,v4.0.1,1.4.3
PCI DSS,v4.0.1,1.4.4
PCI DSS,v4.0.1,1.4.5
PCI DSS,v4.0.1,1.5
PCI DSS,v4.0.1,1.5.1
PCI DSS,v4.0.1,10.1
PCI DSS,v4.0.1,10.1.1
PCI DSS,v4.0.1,10.1.2
PCI DSS,v4.0.1,10.2
PCI DSS,v4.0.1,10.2.1
PCI DSS,v4.0.1,10.2.1.1
PCI DSS,v4.0.1,10.2.1.2
PCI DSS,v4.0.1,10.2.1.3
PCI DSS,v4.0.1,10.2.1.4
PCI DSS,v4.0.1,10.2.1.5
PCI DSS,v4.0.1,10.2.1.6
PCI DSS,v4.0.1,10.2.1.7
PCI DSS,v4.0.1,10.2.2
PCI DSS,v4.0.1,10.3
PCI DSS,v4.0.1,10.3.1
PCI DSS,v4.0.1,10.3.2
PCI DSS,v4.0.1,10.3.3
PCI DSS,v4.0.1,10.3.4
PCI DSS,v4.0.1,10.4
PCI DSS,v4.0.1,10.4.1
PCI DSS,v4.0.1,10.4.1.1
PCI DSS,v4.0.1,10.4.2
PCI DSS,v4.0.1,10.4.2.1
PCI DSS,v4.0.1,10.4.3
PCI DSS,v4.0.1,10.5
PCI DSS,v4.0.1,10.5.1
PCI DSS,v4.0.1,10.6
PCI DSS,v4.0.1,10.6.1
PCI DSS,v4.0.1,10.6.2
PCI DSS,v4.0.1,10.6.3
PCI DSS,v4.0.1,10.7
PCI DSS,v4.0.1,10.7.1
PCI DSS,v4.0.1,10.7.2
PCI DSS,v4.0.1,10.7.3
PCI DSS,v4.0.1,11.1
PCI DSS,v4.0.1,11.1.1
PCI DSS,v4.0.1,11.1.2
PCI DSS,v4.0.1,11.2
PCI DSS,v4.0.1,11.2.1
PCI DSS,v4.0.1,11.2.2
PCI DSS,v4.0.1,11.3
PCI DSS,v4.0.1,11.3.1
PCI DSS,v4.0.1,11.3.1.1
PCI DSS,v4.0.1,11.3.1.2
PCI DSS,v4.0.1,11.3.1.3
PCI DSS,v4.0.1,11.3.2
PCI DSS,v4.0.1,11.3.2.1
PCI DSS,v4.0.1,11.4
PCI DSS,v4.0.1,11.4.1
PCI DSS,v4.0.1,11.4.2
PCI DSS,v4.0.1,11.4.3
PCI DSS,v4.0.1,11.4.4
PCI DSS,v4.0.1,11.4.5
PCI DSS,v4.0.1,11.4.6
PCI DSS,v4.0.1,11.4.7
PCI DSS,v4.0.1,11.5
PCI DSS,v4.0.1,11.5.1
PCI DSS,v4.0.1,11.5.1.1
PCI DSS,v4.0.1,11.5.2
PCI DSS,v4.0.1,11.6
PCI DSS,v4.0.1,11.6.1
PCI DSS,v4.0.1,12.1
PCI DSS,v4.0.1,12.1.1
PCI DSS,v4.0.1,12.1.2
PCI DSS,v4.0.1,12.1.3
PCI DSS,v4.0.1,12.1.4
PCI DSS,v4.0.1,12.10
PCI DSS,v4.0.1,12.10.1
PCI DSS,v4.0.1,12.10.2
PCI DSS,v4.0.1,12.10.3
PCI DSS,v4.0.1,12.10.4
PCI DSS,v4.0.1,12.10.4.1
PCI DSS,v4.0.1,12.10.5
PCI DSS,v4.0.1,12.10.6
PCI DSS,v4.0.1,12.10.7
PCI DSS,v4.0.1,12.2
PCI DSS,v4.0.1,12.2.1
PCI DSS,v4.0.1,12.3
PCI DSS,v4.0.1,12.3.1
PCI DSS,v4.0.1,12.3.2
PCI DSS,v4.0.1,12.3.3
PCI DSS,v4.0.1,12.3.4
PCI DSS,v4.0.1,12.4
PCI DSS,v4.0.1,12.4.1
PCI DSS,v4.0.1,12.4.2
PCI DSS,v4.0.1,12.4.2.1
PCI DSS,v4.0.1,12.5
PCI DSS,v4.0.1,12.5.1
PCI DSS,v4.0.1,12.5.2
PCI DSS,v4.0.1,12.5.2.1
PCI DSS,v4.0.1,12.5.3
PCI DSS,v4.0.1,12.6
PCI DSS,v4.0.1,12.6.1
PCI DSS,v4.0.1,12.6.2
PCI DSS,v4.0.1,12.6.3
PCI DSS,v4.0.1,12.6.3.1
PCI DSS,v4.0.1,12.6.3.2
PCI DSS,v4.0.1,12.7
PCI DSS,v4.0.1,12.7.1
PCI DSS,v4.0.1,12.8
PCI DSS,v4.0.1,12.8.1
PCI DSS,v4.0.1,12.8.2
PCI DSS,v4.0.1,12.8.3
PCI DSS,v4.0.1,12.8.4
PCI DSS,v4.0.1,12.8.5
PCI DSS,v4.0.1,12.9
PCI DSS,v4.0.1,12.9.1
PCI DSS,v4.0.1,12.9.2
PCI DSS,v4.0.1,2.1
PCI DSS,v4.0.1,2.1.1
PCI DSS,v4.0.1,2.1.2
PCI DSS,v4.0.1,2.2
PCI DSS,v4.0.1,2.2.1
PCI DSS,v4.0.1,2.2.2
PCI DSS,v4.0.1,2.2.3
PCI DSS,v4.0.1,2.2.4
PCI DSS,v4.0.1,2.2.5
PCI DSS,v4.0.1,2.2.6
PCI DSS,v4.0.1,2.2.7
PCI DSS,v4.0.1,2.3
PCI DSS,v4.0.1,2.3.1
PCI DSS,v4.0.1,2.3.2
PCI DSS,v4.0.1,3.1
PCI DSS,v4.0.1,3.1.1
PCI DSS,v4.0.1,3.1.2
PCI DSS,v4.0.1,3.2
PCI DSS,v4.0.1,3.2.1
PCI DSS,v4.0.1,3.3
PCI DSS,v4.0.1,3.3.1
PCI DSS,v4.0.1,3.3.1.1
PCI DSS,v4.0.1,3.3.1.2
PCI DSS,v4.0.1,3.3.1.3
PCI DSS,v4.0.1,3.3.2
PCI DSS,v4.0.1,3.3.3
PCI DSS,v4.0.1,3.4
PCI DSS,v4.0.1,3.4.1
PCI DSS,v4.0.1,3.4.2
PCI DSS,v4.0.1,3.5
PCI DSS,v4.0.1,3.5.1
PCI DSS,v4.0.1,3.5.1.1
PCI DSS,v4.0.1,3.5.1.2
PCI DSS,v4.0.1,3.5.1.3
PCI DSS,v4.0.1,3.6
PCI DSS,v4.0.1,3.6.1
PCI DSS,v4.0.1,3.6.1.1
PCI DSS,v4.0.1,3.6.1.2
PCI DSS,v4.0.1,3.6.1.3
PCI DSS,v4.0.1,3.6.1.4
PCI DSS,v4.0.1,3.7
PCI DSS,v4.0.1,3.7.1
PCI DSS,v4.0.1,3.7.2
PCI DSS,v4.0.1,3.7.3
PCI DSS,v4.0.1,3.7.4
PCI DSS,v4.0.1,3.7.5
PCI DSS,v4.0.1,3.7.6
PCI DSS,v4.0.1,3.7.7
PCI DSS,v4.0.1,3.7.8
PCI DSS,v4.0.1,3.7.9
PCI DSS,v4.0.1,4.1
PCI DSS,v4.0.1,4.1.1
PCI DSS,v4.0.1,4.1.2
PCI DSS,v4.0.1,4.2
PCI DSS,v4.0.1,4.2.1
PCI DSS,v4.0.1,4.2.1.1
PCI DSS,v4.0.1,4.2.1.2
PCI DSS,v4.0.1,4.2.2
PCI DSS,v4.0.1,5.1
PCI DSS,v4.0.1,5.1.1
PCI DSS,v4.0.1,5.1.2
PCI DSS,v4.0.1,5.2
PCI DSS,v4.0.1,5.2.1
PCI DSS,v4.0.1,5.2.2
PCI DSS,v4.0.1,5.2.3
PCI DSS,v4.0.1,5.2.3.1
PCI DSS,v4.0.1,5.3
PCI DSS,v4.0.1,5.3.1
PCI DSS,v4.0.1,5.3.2
PCI DSS,v4.0.1,5.3.2.1
PCI DSS,v4.0.1,5.3.3
PCI DSS,v4.0.1,5.3.4
PCI DSS,v4.0.1,5.3.5
PCI DSS,v4.0.1,5.4
PCI DSS,v4.0.1,5.4.1
PCI DSS,v4.0.1,6.1
PCI DSS,v4.0.1,6.1.1
PCI DSS,v4.0.1,6.1.2
PCI DSS,v4.0.1,6.2
PCI DSS,v4.0.1,6.2.1
PCI DSS,v4.0.1,6.2.2
PCI DSS,v4.0.1,6.2.3
PCI DSS,v4.0.1,6.2.3.1
PCI DSS,v4.0.1,6.2.4
PCI DSS,v4.0.1,6.3
PCI DSS,v4.0.1,6.3.1
PCI DSS,v4.0.1,6.3.2
PCI DSS,v4.0.1,6.3.3
PCI DSS,v4.0.1,6.4
PCI DSS,v4.0.1,6.4.1
PCI DSS,v4.0.1,6.4.2
PCI DSS,v4.0.1,6.4.3
PCI DSS,v4.0.1,6.5
PCI DSS,v4.0.1,6.5.1
PCI DSS,v4.0.1,6.5.2
PCI DSS,v4.0.1,6.5.3
PCI DSS,v4.0.1,6.5.4
PCI DSS,v4.0.1,6.5.5
PCI DSS,v4.0.1,6.5.6
PCI DSS,v4.0.1,7.1
PCI DSS,v4.0.1,7.1.1
PCI DSS,v4.0.1,7.1.2
PCI DSS,v4.0.1,7.2
PCI DSS,v4.0.1,7.2.1
PCI DSS,v4.0.1,7.2.2
PCI DSS,v4.0.1,7.2.3
PCI DSS,v4.0.1,7.2.4
PCI DSS,v4.0.1,7.2.5
PCI DSS,v4.0.1,7.2.5.1
PCI DSS,v4.0.1,7.2.6
PCI DSS,v4.0.1,7.3
PCI DSS,v4.0.1,7.3.1
PCI DSS,v4.0.1,7.3.2
PCI DSS,v4.0.1,7.3.3
PCI DSS,v4.0.1,8.1
PCI DSS,v4.0.1,8.1.1
PCI DSS,v4.0.1,8.1.2
PCI DSS,v4.0.1,8.2
PCI DSS,v4.0.1,8.2.1
PCI DSS,v4.0.1,8.2.2
PCI DSS,v4.0.1,8.2.3
PCI DSS,v4.0.1,8.2.4
PCI DSS,v4.0.1,8.2.5
PCI DSS,v4.0.1,8.2.6
PCI DSS,v4.0.1,8.2.7
PCI DSS,v4.0.1,8.2.8
PCI DSS,v4.0.1,8.3
PCI DSS,v4.0.1,8.3.1
PCI DSS,v4.0.1,8.3.10
PCI DSS,v4.0.1,8.3.10.1
PCI DSS,v4.0.1,8.3.11
PCI DSS,v4.0.1,8.3.2
PCI DSS,v4.0.1,8.3.3
PCI DSS,v4.0.1,8.3.4
PCI DSS,v4.0.1,8.3.5
PCI DSS,v4.0.1,8.3.6
PCI DSS,v4.0.1,8.3.7
PCI DSS,v4.0.1,8.3.8
PCI DSS,v4.0.1,8.3.9
PCI DSS,v4.0.1,8.4
PCI DSS,v4.0.1,8.4.1
PCI DSS,v4.0.1,8.4.2
PCI DSS,v4.0.1,8.4.3
PCI DSS,v4.0.1,8.5
PCI DSS,v4.0.1,8.5.1
PCI DSS,v4.0.1,8.6
PCI DSS,v4.0.1,8.6.1
PCI DSS,v4.0.1,8.6.2
PCI DSS,v4.0.1,8.6.3
PCI DSS,v4.0.1,9.1
PCI DSS,v4.0.1,9.1.1
PCI DSS,v4.0.1,9.1.2
PCI DSS,v4.0.1,9.2
PCI DSS,v4.0.1,9.2.1
PCI DSS,v4.0.1,9.2.1.1
PCI DSS,v4.0.1,9.2.2
PCI DSS,v4.0.1,9.2.3
PCI DSS,v4.0.1,9.2.4
PCI DSS,v4.0.1,9.3
PCI DSS,v4.0.1,9.3.1
PCI DSS,v4.0.1,9.3.1.1
PCI DSS,v4.0.1,9.3.2
PCI DSS,v4.0.1,9.3.3
PCI DSS,v4.0.1,9.3.4
PCI DSS,v4.0.1,9.4
PCI DSS,v4.0.1,9.4.1
PCI DSS,v4.0.1,9.4.1.1
PCI DSS,v4.0.1,9.4.1.2
PCI DSS,v4.0.1,9.4.2
PCI DSS,v4.0.1,9.4.3
PCI DSS,v4.0.1,9.4.4
PCI DSS,v4.0.1,9.4.5
PCI DSS,v4.0.1,9.4.5.1
PCI DSS,v4.0.1,9.4.6
PCI DSS,v4.0.1,9.4.7
PCI DSS,v4.0.1,9.5
PCI DSS,v4.0.1,9.5.1
PCI DSS,v4.0.1,9.5.1.1
PCI DSS,v4.0.1,9.5.1.2
PCI DSS,v4.0.1,9.5.1.2.1
PCI DSS,v4.0.1,9.5.1.3
PCI DSS,v4.0.1,A1.1
PCI DSS,v4.0.1,A1.1.1
PCI DSS,v4.0.1,A1.1.2
PCI DSS,v4.0.1,A1.1.3
PCI DSS,v4.0.1,A1.1.4
PCI DSS,v4.0.1,A1.2
PCI DSS,v4.0.1,A1.2.1
PCI DSS,v4.0.1,A1.2.2
PCI DSS,v4.0.1,A1.2.3
PCI DSS,v4.0.1,A2.1
PCI DSS,v4.0.1,A2.1.1
PCI DSS,v4.0.1,A2.1.2
PCI DSS,v4.0.1,A2.1.3
PCI DSS,v4.0.1,A3.1
PCI DSS,v4.0.1,A3.1.1
PCI DSS,v4.0.1,A3.1.2
PCI DSS,v4.0.1,A3.1.3
PCI DSS,v4.0.1,A3.1.4
PCI DSS,v4.0.1,A3.2
PCI DSS,v4.0.1,A3.2.1
PCI DSS,v4.0.1,A3.2.2
PCI DSS,v4.0.1,A3.2.2.1
PCI DSS,v4.0.1,A3.2.3
PCI DSS,v4.0.1,A3.2.4
PCI DSS,v4.0.1,A3.2.5
PCI DSS,v4.0.1,A3.2.5.1
PCI DSS,v4.0.1,A3.2.5.2
